序号,代码,名称,最新价,涨跌幅,涨跌额,成交量,成交额,振幅,最高,最低,今开,昨收,量比,换手率,市盈率-动态,市净率,总市值,流通市值,涨速,5分钟涨跌,60日涨跌幅,年初至今涨跌幅
34,000564,供销大集,3.03,10.18,0.28,9206489.0,2653709264.57,11.64,3.03,2.71,2.75,2.75,0.99,6.47,-369.71,3.32,54715931963.0,43138533040.0,0.0,0.0,91.77,107.53
50,002152,广电运通,13.15,10.04,1.2,1946208.0,2539306703.5,9.21,13.15,12.05,12.1,11.95,2.96,7.84,36.4,2.66,32656485109.0,32640058326.0,0.0,0.15,44.35,9.04
134,001696,宗申动力,28.36,8.66,2.26,2265646.0,6341416307.71,11.23,28.71,25.78,25.98,26.1,1.77,25.42,62.26,6.61,32472963451.0,25278394601.0,0.0,-0.67,150.97,344.51
161,300857,协创数据,88.14,7.49,6.14,147991.0,1277283547.23,11.77,89.66,80.01,82.02,82.0,1.57,6.05,29.11,7.11,21616788568.0,21555509233.0,-0.05,-0.12,76.28,66.68
196,600732,爱旭股份,15.27,5.89,0.85,899014.0,1381445878.0,10.4,15.83,14.33,14.37,14.42,1.32,5.63,-7.39,4.57,27910420060.0,24387680398.0,0.0,0.07,98.05,-13.44
199,603338,浙江鼎力,61.09,5.82,3.36,146303.0,898507168.0,6.55,62.68,58.9,58.9,57.73,1.44,2.89,15.89,3.14,30932791928.0,30932791928.0,-0.11,-0.02,31.38,21.77
200,000415,渤海租赁,4.0,5.82,0.22,4498061.0,1787917109.73,9.79,4.15,3.78,3.8,3.78,1.76,8.34,11.67,0.81,24738085128.0,21570850040.0,0.0,0.5,65.29,86.92
215,688608,恒玄科技,274.91,5.59,14.55,34282.0,944270712.0,13.3,292.44,257.8,260.65,260.36,1.38,2.86,85.61,5.15,33001724625.0,33001724625.0,-0.03,0.79,82.06,78.39
292,000099,中信海直,28.92,4.82,1.33,1061977.0,3063012935.2,8.01,29.8,27.59,27.75,27.59,1.29,13.69,86.34,4.29,22435272362.0,22435272362.0,0.0,0.24,90.89,231.65
324,601118,海南橡胶,5.72,4.57,0.25,593884.0,339689329.0,7.31,5.87,5.47,5.51,5.47,2.53,1.39,-39.87,2.64,24478326999.0,24478326999.0,0.0,0.18,20.68,35.55
334,688361,中科飞测,100.35,4.43,4.26,65155.0,646782068.0,7.67,101.77,94.4,96.39,96.09,1.0,2.67,-464.18,13.53,32112000000.0,24501142406.0,0.24,0.23,92.91,35.08
340,002025,航天电器,56.78,4.38,2.38,112506.0,644203202.16,6.25,58.45,55.05,55.05,54.4,2.59,2.49,47.25,3.96,25941093136.0,25696415170.0,0.04,0.16,30.56,19.19
343,688469,芯联集成-U,5.76,4.35,0.24,1534429.0,880903589.0,5.43,5.83,5.53,5.61,5.52,1.67,3.49,-44.57,3.39,40660341195.0,25320729600.0,0.0,-0.17,61.8,14.74
364,300395,菲利华,42.1,4.16,1.68,168183.0,713163040.06,5.91,43.55,41.16,41.16,40.42,1.91,3.28,70.28,5.36,21987469033.0,21616823201.0,0.0,-0.38,45.83,15.82
387,603000,人民网,25.69,4.01,0.99,981801.0,2545805281.0,7.81,26.69,24.76,24.79,24.7,2.18,8.88,379.35,7.9,28405203229.0,28405203229.0,0.16,0.04,51.92,-7.62
413,000021,深科技,20.11,3.82,0.74,1092425.0,2222854342.16,7.07,20.93,19.56,19.7,19.37,1.55,7.0,35.59,2.71,31383416395.0,31380120868.0,0.0,0.05,63.23,25.06
418,002085,万丰奥威,19.91,3.75,0.72,2000387.0,3985247274.28,6.88,20.47,19.15,19.26,19.19,1.45,9.42,56.26,6.12,42274853623.0,42274853623.0,0.0,-0.15,63.06,315.66
442,000009,中国宝安,9.85,3.58,0.34,640988.0,634837886.99,6.2,10.14,9.55,9.65,9.51,2.12,2.51,49.44,2.5,25405257555.0,25131588691.0,-0.1,0.1,31.68,-15.81
464,600518,康美药业,2.42,3.42,0.08,5916320.0,1423663315.0,5.56,2.45,2.32,2.33,2.34,1.31,4.35,5016.99,4.76,33550557390.0,32943286014.0,0.0,0.41,35.2,30.11
528,002939,长城证券,8.64,3.1,0.26,851881.0,737685244.13,6.68,8.91,8.35,8.4,8.38,2.51,2.44,23.81,1.18,34857448900.0,30133062348.0,0.0,0.12,33.13,9.51
586,688072,拓荆科技,195.6,2.88,5.47,49011.0,958170092.0,5.73,199.9,189.01,191.0,190.13,1.19,3.19,150.5,11.44,54439556695.0,30091166005.0,0.0,0.01,59.02,25.34
645,002157,正邦科技,3.45,2.68,0.09,1878742.0,644977187.29,4.76,3.48,3.32,3.36,3.36,1.4,3.15,80.02,2.76,32078380620.0,20601574502.0,0.0,0.29,31.68,28.73
674,600515,海南机场,3.95,2.6,0.1,1056292.0,415788218.0,4.94,4.03,3.84,3.85,3.85,1.55,1.15,159.01,1.93,45129972928.0,36245249407.0,0.0,0.0,25.4,6.76
773,600176,中国巨石,11.33,2.35,0.26,642777.0,740273594.0,4.97,11.85,11.3,11.38,11.07,1.9,1.61,22.19,1.56,45355539128.0,45355539128.0,0.0,0.27,16.68,18.51
816,688047,龙芯中科,159.5,2.24,3.5,86573.0,1391690563.0,8.4,166.8,153.7,156.0,156.0,1.35,3.1,-139.95,19.92,63959500000.0,44603334276.0,0.0,-0.24,77.8,44.2
842,600536,中国软件,54.66,2.17,1.16,703460.0,3864603518.0,6.82,56.5,52.85,53.69,53.5,0.98,8.35,-103.25,21.4,46470313900.0,46075911008.0,0.0,0.02,89.46,50.74
896,000158,常山北明,26.8,2.06,0.54,2018879.0,5380341095.63,5.83,27.33,25.8,26.27,26.26,0.87,12.71,-112.93,7.69,42842928123.0,42553544108.0,0.0,-0.56,247.6,210.9
965,301236,软通动力,63.99,1.91,1.2,798834.0,5077446900.6,10.45,67.36,60.8,62.78,62.79,1.57,11.74,602.2,5.83,60978705916.0,43533381742.0,0.05,0.06,102.89,39.05
979,002797,第一创业,8.7,1.87,0.16,2670096.0,2338464385.28,3.16,8.88,8.61,8.65,8.54,0.99,6.35,42.77,2.34,36560880000.0,36560847375.0,0.12,0.81,68.28,50.78
987,300085,银之杰,49.2,1.86,0.9,1034624.0,5233016917.11,9.3,52.5,48.01,48.6,48.3,1.18,16.3,-413.9,57.59,34766714322.0,31235424912.0,0.02,0.49,524.37,243.58
1017,600655,豫园股份,6.2,1.81,0.11,304852.0,189458169.0,3.45,6.29,6.08,6.08,6.09,2.28,0.78,15.62,0.66,24144856001.0,24093978813.0,-0.16,0.0,17.65,2.99
1022,600316,洪都航空,33.36,1.8,0.59,155130.0,522954755.0,4.55,34.4,32.91,33.0,32.77,1.01,2.16,1261.81,4.51,23922940120.0,23922940120.0,-0.03,-0.12,71.16,57.66
1035,600606,绿地控股,2.29,1.78,0.04,1274883.0,290786505.0,4.0,2.33,2.24,2.25,2.25,1.0,0.91,102.02,0.4,32184159939.0,32184159939.0,0.44,0.0,70.9,-0.43
1071,002608,江苏国信,7.68,1.72,0.13,308945.0,238998582.15,5.17,7.88,7.49,7.52,7.55,2.03,0.82,7.45,0.91,29015652127.0,29015652127.0,0.0,-0.13,15.32,18.7
1081,600704,物产中大,5.36,1.71,0.09,919282.0,494737952.0,3.04,5.45,5.29,5.3,5.27,1.14,1.78,8.95,0.76,27832131194.0,27623842934.0,-0.19,-0.19,25.82,27.01
1086,600118,中国卫星,29.9,1.7,0.5,745401.0,2263975281.0,7.69,31.26,29.0,29.41,29.4,2.32,6.3,-1798.93,5.63,35356425137.0,35356425137.0,0.0,0.2,46.64,15.98
1091,601777,力帆科技,7.21,1.69,0.12,772862.0,561416252.0,4.94,7.43,7.08,7.13,7.09,1.12,1.71,612.0,3.12,32597131512.0,32597131512.0,-0.28,0.0,86.79,101.4
1095,000027,深圳能源,6.63,1.69,0.11,282860.0,187954957.65,2.61,6.7,6.53,6.54,6.52,1.41,0.59,11.13,1.05,31541495143.0,31541495143.0,0.0,0.0,13.92,5.07
1106,600688,上海石化,3.06,1.66,0.05,419127.0,127862993.0,2.99,3.09,3.0,3.01,3.01,1.33,0.57,709.33,1.32,32666196150.0,22426169310.0,0.0,-0.33,13.33,6.99
1110,000069,华侨城Ａ,3.07,1.66,0.05,1087422.0,333397326.14,3.97,3.12,3.0,3.02,3.02,1.15,1.58,-7.87,0.44,24675917223.0,21166463159.0,0.0,0.33,68.68,-1.29
1116,002926,华西证券,8.63,1.65,0.14,470993.0,410316478.59,5.77,8.95,8.46,8.5,8.49,1.91,1.79,66.86,0.99,22653750000.0,22653750000.0,0.0,0.12,34.63,11.93
1183,603893,瑞芯微,83.38,1.55,1.27,64090.0,537896456.0,4.55,85.62,81.88,82.12,82.11,1.59,1.53,74.38,10.35,34877920704.0,34860619354.0,0.32,0.11,61.18,31.93
1233,601228,广州港,3.46,1.47,0.05,484901.0,167447939.0,2.93,3.49,3.39,3.4,3.41,1.05,0.64,23.92,1.26,26104078474.0,26104078474.0,0.29,0.0,9.15,11.97
1293,600339,中油工程,3.68,1.38,0.05,514494.0,188455795.0,3.31,3.73,3.61,3.62,3.63,1.16,0.92,24.37,0.77,20545982693.0,20545982693.0,0.0,-0.27,13.23,23.08
1300,688027,国盾量子,303.0,1.36,4.07,35775.0,1097013717.0,6.89,316.6,296.0,300.2,298.93,0.83,4.45,-331.38,16.7,24353434110.0,24353434110.0,0.0,0.16,113.4,136.9
1350,600157,永泰能源,1.58,1.28,0.02,9469460.0,1496883072.0,5.13,1.62,1.54,1.55,1.56,1.09,4.26,17.98,0.74,35104067349.0,35104067349.0,0.64,0.64,43.64,16.18
1372,688180,君实生物-U,29.82,1.26,0.37,79687.0,236047472.0,3.23,30.13,29.18,29.48,29.45,1.47,1.04,-23.79,4.76,29393271953.0,22798850315.0,0.13,0.13,12.19,-28.71
1404,601158,重庆水务,4.98,1.22,0.06,120374.0,59942003.0,2.44,5.02,4.9,4.91,4.92,1.3,0.25,24.58,1.41,23904000000.0,23904000000.0,0.0,0.0,1.22,-9.45
1485,601933,永辉超市,4.58,1.1,0.05,3284591.0,1517942147.0,4.86,4.72,4.5,4.53,4.53,1.06,3.62,-400.34,7.17,41563669428.0,41563669428.0,0.22,0.44,112.04,62.41
1502,000987,越秀资本,7.47,1.08,0.08,336659.0,251226699.07,2.3,7.54,7.37,7.41,7.39,0.91,0.67,16.35,1.28,37477979491.0,37463780747.0,0.27,0.27,53.39,27.69
1510,601216,君正集团,4.7,1.08,0.05,1268557.0,596917870.0,2.58,4.75,4.63,4.65,4.65,0.85,1.5,13.28,1.5,39658681733.0,39658681733.0,-0.21,-0.21,30.92,37.43
1594,688082,盛美上海,111.11,0.97,1.07,21837.0,244109449.0,3.76,113.79,109.65,110.53,110.04,1.03,0.5,48.17,6.78,48699938774.0,48172529381.0,0.15,0.18,27.27,7.06
1622,002500,山西证券,6.46,0.94,0.06,534236.0,347193996.76,3.91,6.61,6.36,6.4,6.4,1.31,1.49,32.64,1.29,23189924194.0,23189924194.0,0.16,0.16,36.29,21.89
1631,002080,中材科技,13.07,0.93,0.12,228273.0,303367454.24,5.64,13.74,13.01,13.09,12.95,1.27,1.36,27.04,1.2,21933075243.0,21933075243.0,-0.15,-0.08,35.16,-14.91
1645,600008,首创环保,3.3,0.92,0.03,922863.0,304033546.0,2.14,3.33,3.26,3.27,3.27,1.11,1.26,5.59,1.13,24223949234.0,24223949234.0,-0.3,0.0,17.44,27.41
1651,000709,河钢股份,2.22,0.91,0.02,793359.0,175691622.52,2.27,2.24,2.19,2.2,2.2,0.95,0.77,30.26,0.45,22948408824.0,22944615524.0,0.45,0.0,20.0,6.22
1653,603707,健友股份,14.5,0.9,0.13,58956.0,85659350.0,3.2,14.68,14.22,14.37,14.37,1.22,0.36,29.0,3.77,23426700540.0,23426700540.0,0.0,0.0,35.51,-2.68
1657,601058,赛轮轮胎,14.56,0.9,0.13,337263.0,488421939.0,3.05,14.65,14.21,14.4,14.43,1.15,1.03,11.07,2.51,47874739771.0,47874739771.0,0.07,0.21,17.51,27.38
1798,600705,中航产融,4.0,0.76,0.03,1559520.0,630328777.0,3.53,4.1,3.96,4.0,3.97,1.04,1.77,44.17,0.94,35299577064.0,35217699332.0,-0.25,0.25,85.19,29.03
1862,002602,ST华通,4.41,0.68,0.03,1434378.0,640205927.6,3.42,4.55,4.4,4.45,4.38,0.99,2.09,13.67,1.26,32865776229.0,30335103484.0,0.0,0.23,42.26,-14.53
1866,600977,中国电影,11.87,0.68,0.08,234694.0,281337216.0,3.99,12.19,11.72,11.8,11.79,1.48,1.26,77.11,1.99,22161290000.0,22161290000.0,-0.08,0.08,22.75,-2.47
1874,002294,信立泰,34.47,0.67,0.23,96598.0,333542952.52,3.21,34.85,33.75,34.23,34.24,0.85,0.87,56.54,4.46,38427725961.0,38419080920.0,0.15,0.09,17.48,7.18
1906,600177,雅戈尔,7.87,0.64,0.05,257355.0,202178089.0,2.05,7.92,7.76,7.83,7.82,0.95,0.56,10.86,0.89,36386487769.0,36386487769.0,-0.13,0.0,6.78,32.27
1909,601880,辽港股份,1.58,0.64,0.01,1512989.0,239926346.0,3.18,1.61,1.56,1.57,1.57,1.17,0.81,29.96,0.94,37770649977.0,29619878699.0,0.0,0.0,29.51,10.49
1929,600598,北大荒,14.66,0.62,0.09,172069.0,251672570.0,2.33,14.74,14.4,14.53,14.57,1.16,0.97,14.51,3.23,26060787466.0,26060787466.0,-0.07,0.07,13.2,27.15
1960,002603,以岭药业,17.13,0.59,0.1,115716.0,197573417.87,1.53,17.16,16.9,17.0,17.03,1.02,0.84,38.69,2.49,28619183091.0,23576181512.0,0.0,0.06,13.44,-24.77
1962,600970,中材国际,10.32,0.58,0.06,140499.0,144308551.0,2.63,10.43,10.16,10.23,10.26,0.8,0.63,9.93,1.35,27265664646.0,23056412376.0,0.0,0.1,7.5,15.44
1992,000623,吉林敖东,18.2,0.55,0.1,160843.0,294576252.02,2.93,18.55,18.02,18.1,18.1,0.72,1.35,13.12,0.76,21765296043.0,21677644043.0,0.0,-0.05,45.14,26.92
1994,601139,深圳燃气,7.3,0.55,0.04,196390.0,143750428.0,2.34,7.38,7.21,7.25,7.26,0.85,0.68,14.92,1.41,21000194379.0,21000194379.0,0.0,0.0,11.28,8.47
2025,603939,益丰药房,23.42,0.52,0.12,123792.0,288441492.0,3.39,23.68,22.89,23.39,23.3,1.35,1.02,19.18,2.83,28395164396.0,28389566032.0,-0.09,-0.17,30.11,-28.38
2039,601555,东吴证券,8.07,0.5,0.04,718769.0,582548957.0,2.86,8.23,8.0,8.04,8.03,1.04,1.45,16.42,0.99,40097431895.0,40097431895.0,0.0,0.12,36.09,14.47
2043,000729,燕京啤酒,10.24,0.49,0.05,161606.0,165942178.51,1.86,10.33,10.14,10.17,10.19,1.06,0.64,16.81,1.94,28861842852.0,25698372270.0,-0.1,-0.1,6.78,20.05
2051,002129,TCL中环,10.4,0.48,0.05,933092.0,978861563.29,3.09,10.62,10.3,10.38,10.35,1.07,2.31,-5.2,1.21,42048404039.0,42016599102.0,0.0,0.0,35.06,-32.38
2071,002180,纳思达,26.3,0.46,0.12,135493.0,359692323.76,3.67,26.87,25.91,26.18,26.18,1.0,0.99,25.92,3.6,37363249907.0,35844852782.0,-0.15,-0.04,11.68,16.22
2073,600098,广州发展,6.6,0.46,0.03,211692.0,139541804.0,1.98,6.65,6.52,6.54,6.57,0.59,0.61,10.94,0.87,23141625329.0,23091749762.0,0.0,0.3,10.74,28.91
2082,300383,光环新网,11.18,0.45,0.05,478533.0,544733800.34,3.68,11.55,11.14,11.18,11.13,1.14,2.67,41.74,1.59,20097088029.0,20054044113.0,0.09,-0.18,45.76,16.22
2089,002461,珠江啤酒,9.08,0.44,0.04,69379.0,62950858.76,1.44,9.12,8.99,9.03,9.04,0.94,0.31,18.69,1.91,20097022598.0,20097022598.0,0.11,0.0,4.61,16.71
2145,600901,江苏金租,5.06,0.4,0.02,302940.0,153428895.0,1.59,5.1,5.02,5.04,5.04,0.73,0.52,9.87,1.25,29313621161.0,29297139061.0,0.2,0.4,9.52,11.95
2160,601866,中远海发,2.6,0.39,0.01,567429.0,147657782.0,1.93,2.63,2.58,2.58,2.59,0.67,0.59,19.17,1.17,35297440391.0,25174623001.0,0.0,0.0,14.54,13.54
2161,600170,上海建工,2.6,0.39,0.01,1624547.0,422108351.0,3.09,2.64,2.56,2.58,2.59,0.76,1.83,12.82,0.75,23103443334.0,23103443334.0,0.0,0.0,26.21,14.04
2171,600486,扬农化工,52.99,0.38,0.2,22917.0,121518778.0,2.18,53.45,52.3,52.69,52.79,0.75,0.57,15.76,2.08,21550339308.0,21348006001.0,0.21,0.09,9.21,-14.86
2178,601615,明阳智能,13.82,0.36,0.05,701487.0,983313274.0,3.05,14.2,13.78,13.78,13.77,1.79,3.09,29.12,1.16,31393431927.0,31392084477.0,0.07,-0.14,60.14,12.91
2202,600208,衢州发展,2.94,0.34,0.01,822529.0,243186757.0,2.73,2.99,2.91,2.93,2.93,0.85,0.97,9.46,0.57,25016285952.0,25012841404.0,-0.34,0.0,81.48,35.48
2215,600350,山东高速,9.25,0.33,0.03,85030.0,78514393.0,2.06,9.31,9.12,9.22,9.22,0.87,0.18,13.38,1.54,44881749481.0,44881749481.0,-0.11,0.11,-4.34,41.87
2224,000959,首钢股份,3.16,0.32,0.01,313748.0,99075339.15,1.9,3.19,3.13,3.14,3.15,1.14,0.48,90.46,0.5,24565780023.0,20562953125.0,0.0,0.0,14.08,-7.87
2230,600004,白云机场,9.68,0.31,0.03,166506.0,161511464.0,1.35,9.75,9.62,9.65,9.65,0.78,0.7,25.72,1.27,22909832979.0,22909832979.0,-0.1,0.1,8.4,-0.31
2253,600707,彩虹股份,6.95,0.29,0.02,550613.0,383711744.0,4.33,7.15,6.85,6.9,6.93,1.67,1.53,15.22,1.16,24939308637.0,24934304637.0,0.14,0.29,10.14,2.96
2261,600390,五矿资本,7.05,0.28,0.02,1171460.0,832477314.0,2.7,7.19,7.0,7.04,7.03,0.97,2.6,19.53,0.74,31711361486.0,31711361486.0,0.0,0.14,75.37,55.63
2277,600578,京能电力,3.63,0.28,0.01,210370.0,76372576.0,1.66,3.65,3.59,3.6,3.62,0.91,0.31,12.88,1.12,24301474284.0,24301474284.0,0.0,0.0,12.73,26.92
2323,600143,金发科技,8.63,0.23,0.02,154127.0,133468544.0,1.28,8.72,8.61,8.64,8.61,0.83,0.59,24.98,1.31,22753967575.0,22414056635.0,0.12,-0.12,22.59,9.38
2354,000883,湖北能源,4.89,0.2,0.01,220615.0,107990300.0,1.43,4.93,4.86,4.86,4.88,0.74,0.34,9.69,0.93,31789476423.0,31686009060.0,0.0,-0.2,-1.01,18.12
2396,600383,金地集团,5.57,0.18,0.01,1111918.0,620410312.0,3.42,5.67,5.48,5.53,5.56,1.07,2.46,-5.53,0.41,25146230496.0,25146230496.0,0.18,0.0,71.38,28.34
2445,600141,兴发集团,23.03,0.13,0.03,153448.0,352314768.0,3.04,23.3,22.6,22.91,23.0,0.81,1.39,14.5,1.2,25407953023.0,25407953023.0,-0.04,0.0,26.61,30.48
2466,600332,白云山,28.71,0.1,0.03,55543.0,159765634.0,1.08,28.9,28.59,28.83,28.68,0.83,0.4,11.08,1.29,46676458146.0,40363129146.0,-0.07,0.03,1.63,4.59
2467,002405,四维图新,9.68,0.1,0.01,671347.0,653716132.2,2.69,9.88,9.62,9.73,9.67,0.93,2.85,-35.41,2.44,22979710296.0,22801459784.0,-0.1,0.0,33.89,8.76
2518,001872,招商港口,19.91,0.05,0.01,44239.0,88378455.64,1.11,20.08,19.86,19.9,19.9,0.59,0.25,10.0,0.81,49793414381.0,34729409488.0,0.05,0.1,-5.91,29.45
2529,000733,振华科技,45.36,0.02,0.01,106984.0,492881083.67,3.77,46.84,45.13,45.35,45.35,0.99,1.93,29.25,1.74,25137125390.0,25119199118.0,0.02,-0.07,21.41,-21.43
2575,603160,汇顶科技,,,,,,,,,,81.8,,0.0,62.74,4.44,37486140804.0,37486140804.0,,,37.99,18.69
2587,601666,平煤股份,9.96,0.0,0.0,239652.0,238810548.0,1.41,10.02,9.88,9.93,9.96,0.79,0.97,9.04,1.0,24652457068.0,24594710980.0,-0.1,-0.1,8.85,-5.77
2594,601212,白银有色,3.02,0.0,0.0,448158.0,135759610.0,1.66,3.05,3.0,3.01,3.02,0.71,0.61,-53.94,1.48,22362419023.0,22362419023.0,-0.33,-0.33,17.97,12.27
2601,600918,中泰证券,6.85,0.0,0.0,265397.0,182296851.0,1.61,6.93,6.82,6.85,6.85,0.77,0.67,71.23,1.28,47735086429.0,27213747260.0,0.15,0.15,19.76,0.44
2645,600673,东阳光,8.3,0.0,0.0,161004.0,135425644.0,3.86,8.59,8.27,8.44,8.3,0.95,0.54,60.04,2.75,25015156350.0,24912930794.0,0.0,0.24,30.91,18.74
2680,600369,西南证券,4.75,0.0,0.0,496901.0,236851942.0,1.68,4.81,4.73,4.75,4.75,0.77,0.79,49.01,1.23,31564268339.0,29996768339.0,0.21,0.0,29.78,17.28
2712,600153,建发股份,9.6,0.0,0.0,179728.0,172403373.0,1.15,9.65,9.54,9.63,9.6,0.63,0.62,10.31,0.51,28292113930.0,27835570090.0,-0.1,0.0,34.83,7.5
2890,000825,太钢不锈,3.6,0.0,0.0,298031.0,107362604.9,1.67,3.63,3.57,3.59,3.6,0.91,0.52,-27.8,0.62,20544888946.0,20506492066.0,-0.28,0.0,7.78,-3.49
2920,000629,钒钛股份,2.85,0.0,0.0,682556.0,195902590.27,1.75,2.9,2.85,2.86,2.85,0.94,0.74,108.43,2.14,26490664628.0,26207099960.0,-0.35,-0.35,26.67,-13.11
2990,601098,中南传媒,12.5,-0.08,-0.01,98470.0,123520804.0,1.52,12.64,12.45,12.5,12.51,0.97,0.55,17.6,1.48,22450000000.0,22450000000.0,0.16,0.24,-2.42,31.3
3005,600161,天坛生物,21.34,-0.09,-0.02,101575.0,216949673.0,1.69,21.57,21.21,21.36,21.36,0.86,0.51,30.09,3.97,42197106658.0,42197106658.0,0.0,0.09,-10.6,-16.84
3014,600702,舍得酒业,76.91,-0.1,-0.08,133952.0,1035460620.0,3.75,78.89,76.0,76.07,76.99,1.19,4.03,28.73,3.61,25623918501.0,25554850398.0,-0.03,-0.04,76.72,-18.66
3022,000050,深天马Ａ,8.73,-0.11,-0.01,249251.0,219915257.34,2.17,8.91,8.72,8.81,8.74,0.86,1.01,-34.05,0.78,21456137081.0,21455887621.0,0.0,0.0,36.83,-18.03
3033,002966,苏州银行,7.86,-0.13,-0.01,343606.0,270821154.72,1.52,7.94,7.82,7.87,7.87,0.86,0.93,5.31,0.7,29591440720.0,28953455312.0,0.0,0.0,10.39,33.9
3044,601128,常熟银行,7.5,-0.13,-0.01,191442.0,143414608.0,1.46,7.54,7.43,7.51,7.51,0.61,0.63,5.7,0.84,22612366868.0,22612366868.0,-0.13,-0.13,13.98,34.41
3064,300757,罗博特科,188.15,-0.15,-0.28,64646.0,1222119338.76,6.71,195.53,182.88,187.97,188.43,0.94,4.36,307.36,28.56,29170468939.0,27878394158.0,0.0,0.05,138.22,224.68
3081,000703,恒逸石化,6.17,-0.16,-0.01,113559.0,70137945.95,1.13,6.21,6.14,6.15,6.18,0.6,0.31,73.47,0.97,22621098204.0,22504073819.0,0.0,0.0,2.83,-6.8
3082,600909,华安证券,6.12,-0.16,-0.01,1065583.0,659414591.0,3.75,6.29,6.06,6.1,6.13,1.36,2.27,18.86,1.33,28749717701.0,28749717701.0,0.16,0.16,39.09,28.03
3099,601077,渝农商行,5.59,-0.18,-0.01,486710.0,272846819.0,1.43,5.64,5.56,5.6,5.6,0.79,0.55,4.62,0.51,63485630000.0,49402744420.0,0.0,0.18,6.07,47.49
3101,688235,百济神州-U,176.0,-0.18,-0.32,20705.0,367853755.0,3.53,181.43,175.21,178.5,176.32,0.8,1.8,-49.47,10.06,243179292224.0,20249725760.0,0.22,0.34,16.41,26.58
3119,002429,兆驰股份,5.09,-0.2,-0.01,563368.0,288785997.2,2.35,5.2,5.08,5.11,5.1,0.99,1.25,12.59,1.47,23042127690.0,23028855062.0,0.0,0.0,11.87,-6.95
3122,300623,捷捷微电,35.48,-0.2,-0.07,405833.0,1458909995.08,4.75,36.6,34.91,35.5,35.55,1.5,6.06,62.1,4.92,27540285316.0,23780001699.0,0.03,-0.03,107.36,124.41
3143,600171,上海贝岭,37.86,-0.21,-0.08,625591.0,2391427918.0,4.22,39.0,37.4,37.97,37.94,1.05,8.82,84.38,6.31,26839836252.0,26839836252.0,0.0,-0.11,97.7,168.13
3147,603087,甘李药业,45.5,-0.22,-0.1,48137.0,220072039.0,1.29,46.05,45.46,45.49,45.6,0.76,0.87,40.44,2.51,27348470695.0,25203260264.0,-0.09,-0.02,15.19,-13.25
3160,601577,长沙银行,8.53,-0.23,-0.02,150347.0,128082224.0,1.52,8.58,8.45,8.54,8.55,0.63,0.37,4.16,0.53,34303853522.0,34296431321.0,0.24,0.24,8.8,32.45
3169,688578,艾力斯,57.73,-0.24,-0.14,73731.0,430680416.0,2.89,59.16,57.49,57.68,57.87,0.98,1.64,18.33,5.34,25978500000.0,25978500000.0,0.26,0.21,21.79,40.77
3172,601108,财通证券,8.22,-0.24,-0.02,426138.0,351364997.0,1.46,8.31,8.19,8.26,8.24,0.78,0.92,19.45,1.08,38171539134.0,38171539134.0,0.0,0.24,29.65,7.31
3175,600763,通策医疗,48.88,-0.24,-0.12,50855.0,249522320.0,1.92,49.64,48.7,49.01,49.0,0.73,1.14,32.91,5.3,21863492039.0,21863492039.0,-0.02,0.16,18.67,-9.93
3181,600038,中直股份,40.49,-0.25,-0.1,62656.0,254933073.0,1.82,41.1,40.36,40.65,40.59,0.89,1.06,69.69,2.07,33197476194.0,23867912231.0,-0.02,-0.3,7.86,5.64
3201,601233,桐昆股份,11.4,-0.26,-0.03,210537.0,240776213.0,1.57,11.54,11.36,11.43,11.43,0.86,0.88,20.48,0.76,27486762220.0,27313238260.0,0.0,0.0,-2.31,-24.45
3215,002945,华林证券,14.46,-0.28,-0.04,198555.0,288831300.04,1.93,14.7,14.42,14.48,14.5,0.8,0.74,96.92,5.9,39042000000.0,39042000000.0,0.14,0.14,57.52,-4.24
3221,600862,中航高科,24.15,-0.29,-0.07,110431.0,268980145.0,3.22,24.78,24.0,24.26,24.22,0.81,0.79,27.67,4.92,33642135934.0,33642135934.0,-0.04,-0.04,34.24,10.12
3226,000783,长江证券,6.81,-0.29,-0.02,450942.0,307983860.67,1.46,6.89,6.79,6.85,6.83,0.86,0.82,19.7,1.13,37659796776.0,37659796776.0,0.0,0.15,41.58,29.47
3228,600820,隧道股份,6.77,-0.29,-0.02,187353.0,127125136.0,1.91,6.85,6.72,6.79,6.79,0.58,0.6,10.65,0.73,21285530556.0,21285530556.0,-0.29,0.0,4.64,22.42
3249,601399,国机重装,3.22,-0.31,-0.01,278001.0,89953549.0,1.55,3.26,3.21,3.24,3.23,0.55,0.39,42.04,1.63,23227649966.0,23227649966.0,0.0,0.0,26.77,13.78
3254,000559,万向钱潮,6.36,-0.31,-0.02,297319.0,190584750.52,2.19,6.48,6.34,6.35,6.38,0.8,0.9,21.99,2.31,21012112948.0,21012033098.0,-0.16,0.0,48.25,26.19
3259,000876,新 希 望,9.47,-0.32,-0.03,188511.0,178932521.31,0.95,9.54,9.45,9.48,9.5,0.94,0.42,210.67,2.02,43048532651.0,42720987568.0,-0.11,0.0,6.4,1.61
3267,300144,宋城演艺,9.35,-0.32,-0.03,361771.0,343256135.44,3.2,9.65,9.35,9.38,9.38,1.08,1.54,18.25,3.04,24521968614.0,22025949425.0,-0.11,-0.11,23.51,-4.3
3274,601106,中国一重,3.09,-0.32,-0.01,320280.0,99486912.0,1.61,3.13,3.08,3.1,3.1,0.79,0.47,-86.86,2.4,21190549244.0,21190549244.0,0.0,0.32,37.33,7.29
3281,600885,宏发股份,33.47,-0.33,-0.11,156514.0,523487063.0,3.1,33.96,32.92,33.72,33.58,1.43,1.5,20.62,3.96,34898361235.0,34898361235.0,0.03,0.0,32.08,23.05
3287,600183,生益科技,21.06,-0.33,-0.07,134895.0,283669328.0,1.75,21.25,20.88,21.1,21.13,0.7,0.57,27.96,3.57,51163116194.0,49940396855.0,0.05,0.19,19.05,17.92
3290,600131,国网信通,20.73,-0.34,-0.07,189465.0,395464890.0,3.41,21.17,20.46,20.78,20.8,1.53,1.58,62.71,3.9,24912464982.0,24791113739.0,0.1,0.0,25.33,38.76
3297,688223,晶科能源,8.72,-0.34,-0.03,366398.0,320733656.0,1.94,8.87,8.7,8.79,8.75,0.79,1.18,53.86,2.71,87245357028.0,27107423588.0,0.11,0.0,26.01,0.93
3298,002074,国轩高科,23.14,-0.34,-0.08,323817.0,758429276.13,3.66,23.95,23.1,23.25,23.22,0.64,2.42,75.82,1.66,41686632157.0,30995184302.0,-0.04,0.0,27.99,8.13
3300,600497,驰宏锌锗,5.78,-0.34,-0.02,877006.0,511950800.0,2.76,5.93,5.77,5.83,5.8,1.19,1.72,14.97,1.78,29427665263.0,29427665263.0,-0.17,-0.17,13.33,17.72
3314,601991,大唐发电,2.8,-0.36,-0.01,623348.0,174917561.0,1.07,2.82,2.79,2.8,2.81,0.77,0.5,8.77,1.68,51818789411.0,34709049497.0,-0.36,-0.36,4.09,16.18
3323,002460,赣锋锂业,40.99,-0.36,-0.15,403528.0,1661781588.79,3.23,41.84,40.51,40.7,41.14,0.61,3.34,-96.84,1.88,82683707261.0,49545506418.0,0.0,0.05,57.41,-2.4
3328,601155,新城控股,13.34,-0.37,-0.05,176096.0,238027504.0,2.99,13.71,13.31,13.48,13.39,0.76,0.78,15.52,0.49,30090008899.0,30090008899.0,0.0,0.0,44.53,16.91
3342,601598,中国外运,5.18,-0.38,-0.02,226382.0,117884968.0,1.73,5.25,5.16,5.23,5.2,0.68,0.43,10.03,0.98,37784043413.0,27225649413.0,0.0,0.19,20.47,4.65
3347,601665,齐鲁银行,5.14,-0.39,-0.02,177761.0,91620536.0,1.74,5.2,5.11,5.14,5.16,0.62,0.37,5.41,0.67,24851783265.0,24851783265.0,-0.19,-0.39,8.21,39.3
3349,600516,方大炭素,5.11,-0.39,-0.02,206494.0,105746923.0,1.75,5.16,5.07,5.12,5.13,0.78,0.51,60.13,1.21,20572708580.0,20572708580.0,-0.2,0.0,19.95,-1.92
3353,600061,国投资本,7.6,-0.39,-0.03,315284.0,240519661.0,1.44,7.69,7.58,7.63,7.63,0.77,0.49,17.6,0.96,48832388338.0,48832388338.0,0.13,0.13,35.47,14.63
3361,603650,彤程新材,34.79,-0.4,-0.14,99588.0,348795092.0,3.81,35.68,34.35,34.73,34.93,1.02,1.67,35.64,6.33,20841984607.0,20722688166.0,0.0,0.2,35.32,7.18
3362,000519,中兵红箭,14.85,-0.4,-0.06,258536.0,388739192.7,3.02,15.25,14.8,14.84,14.91,0.62,1.86,-257.62,2.0,20679500883.0,20679500883.0,0.0,0.0,32.24,6.15
3367,002739,万达电影,12.26,-0.41,-0.05,269912.0,335009387.12,4.55,12.77,12.21,12.38,12.31,1.04,1.28,118.79,3.28,26719061611.0,25806410439.0,0.08,0.25,30.7,-5.84
3369,600039,四川路桥,7.31,-0.41,-0.03,244161.0,179106920.0,2.18,7.44,7.28,7.31,7.34,0.75,0.36,10.01,1.4,63686648415.0,48977638638.0,0.0,0.14,27.13,5.33
3370,603885,吉祥航空,14.6,-0.41,-0.06,199276.0,293444928.0,4.77,15.15,14.45,14.58,14.66,0.79,0.91,18.95,3.46,32105476913.0,32105476913.0,-0.14,0.14,44.55,23.31
3396,600363,联创光电,44.16,-0.43,-0.19,156724.0,697833366.0,3.49,45.35,43.8,44.36,44.35,0.68,3.44,44.94,4.72,20102769120.0,20102769120.0,0.05,0.14,84.23,30.19
3412,600079,人福医药,22.53,-0.44,-0.1,92718.0,209661964.0,2.3,22.9,22.38,22.64,22.63,0.52,0.6,17.35,2.06,36774050991.0,34767817688.0,-0.09,0.22,12.48,-7.09
3428,601611,中国核建,8.62,-0.46,-0.04,142494.0,123182123.0,1.5,8.72,8.59,8.63,8.66,0.5,0.47,13.38,1.29,25959432717.0,25959432717.0,0.12,0.0,11.66,26.02
3429,603298,杭叉集团,17.23,-0.46,-0.08,71991.0,124651139.0,1.16,17.4,17.2,17.31,17.31,0.92,0.55,10.76,2.32,22568061604.0,22568061604.0,-0.06,-0.12,7.09,-1.03
3433,600298,安琪酵母,34.25,-0.46,-0.16,46521.0,159567784.0,1.51,34.58,34.06,34.45,34.41,0.61,0.54,23.41,2.85,29751080256.0,29266483856.0,0.15,0.12,13.41,-1.24
3434,600299,安迪苏,10.7,-0.47,-0.05,60506.0,65084012.0,2.05,10.88,10.66,10.8,10.75,0.95,0.23,21.45,1.81,28696343621.0,28696343621.0,-0.09,-0.19,0.75,34.76
3436,601000,唐山港,4.25,-0.47,-0.02,242375.0,103235708.0,0.94,4.28,4.24,4.26,4.27,0.65,0.41,11.95,1.23,25185196610.0,25185196610.0,-0.23,0.0,-15.0,28.79
3439,002156,通富微电,29.63,-0.47,-0.14,1171532.0,3500410041.59,3.73,30.41,29.3,29.79,29.77,1.0,7.72,61.04,3.11,44966396503.0,44961251549.0,0.0,-0.17,57.27,28.21
3442,300142,沃森生物,14.73,-0.47,-0.07,164521.0,243124069.05,1.35,14.87,14.67,14.78,14.8,0.88,1.06,68.92,2.46,23558404009.0,22967143753.0,0.0,0.14,44.27,-37.32
3443,300957,贝泰妮,48.39,-0.47,-0.23,27842.0,135589663.0,1.6,49.08,48.3,48.61,48.62,0.74,0.66,37.07,3.47,20498004000.0,20498004000.0,0.0,0.04,22.51,-28.39
3445,600663,陆家嘴,10.38,-0.48,-0.05,42530.0,44383066.0,1.92,10.52,10.32,10.41,10.43,0.89,0.14,37.17,2.13,52264895188.0,30449329747.0,-0.1,0.39,34.11,20.14
3448,000728,国元证券,8.3,-0.48,-0.04,545672.0,456504678.03,2.28,8.47,8.28,8.32,8.34,1.04,1.25,17.3,1.02,36219356495.0,36219356495.0,0.24,0.12,35.18,24.25
3451,688778,厦钨新能,47.6,-0.48,-0.23,45809.0,220245591.0,3.78,49.28,47.47,47.52,47.83,0.7,1.09,40.88,2.32,20028699648.0,20028699648.0,-0.17,0.08,79.08,22.24
3453,600282,南钢股份,4.13,-0.48,-0.02,190369.0,78856617.0,1.45,4.17,4.11,4.15,4.15,0.65,0.31,10.89,0.99,25461825875.0,25461825875.0,-0.24,-0.24,0.98,23.28
3457,600007,中国国贸,22.58,-0.48,-0.11,24528.0,55494192.0,1.19,22.78,22.51,22.66,22.69,0.66,0.24,16.75,2.42,22744439618.0,22744439618.0,0.09,0.18,6.66,24.89
3458,600968,海油发展,4.1,-0.49,-0.02,257381.0,105494762.0,1.46,4.13,4.07,4.12,4.12,0.61,0.25,11.63,1.59,41676927216.0,41676927216.0,0.0,0.0,1.99,49.64
3459,600873,梅花生物,10.06,-0.49,-0.05,255895.0,259121882.0,2.47,10.27,10.02,10.09,10.11,0.57,0.9,10.79,2.02,28699054825.0,28699054825.0,-0.1,0.0,5.12,12.4
3462,601997,贵阳银行,6.02,-0.5,-0.03,280339.0,169248634.0,0.99,6.07,6.01,6.03,6.05,0.66,0.77,4.16,0.37,22010312418.0,22010312418.0,-0.17,0.0,15.55,24.12
3485,600021,上海电力,9.44,-0.53,-0.05,244708.0,231852570.0,1.26,9.52,9.4,9.48,9.49,0.73,0.94,8.11,1.33,26590060009.0,24706030020.0,0.0,0.11,12.38,14.29
3487,300604,长川科技,45.19,-0.53,-0.24,211498.0,963386604.86,4.16,46.58,44.69,45.4,45.43,0.82,4.49,59.44,8.59,28324346455.0,21269333771.0,-0.02,0.0,57.18,19.27
3488,600380,健康元,11.29,-0.53,-0.06,104980.0,118824744.0,1.06,11.37,11.25,11.35,11.35,0.59,0.56,14.28,1.46,21159722742.0,21159722742.0,0.0,0.09,14.39,-7.84
3498,002007,华兰生物,16.62,-0.54,-0.09,64510.0,107726353.14,1.02,16.78,16.61,16.73,16.71,0.51,0.41,24.68,2.6,30394338990.0,26161905629.0,-0.06,0.0,11.32,-23.87
3501,600517,国网英大,5.52,-0.54,-0.03,168227.0,93379905.0,1.26,5.59,5.52,5.53,5.55,0.85,0.29,16.3,1.48,31565765307.0,31565765307.0,-0.18,0.0,40.46,18.2
3506,688099,晶晨股份,67.67,-0.54,-0.37,59405.0,403262803.0,2.35,68.66,67.06,67.55,68.04,0.95,1.42,35.79,4.6,28335784457.0,28335784457.0,0.39,0.37,30.99,8.05
3538,601990,南京证券,8.83,-0.56,-0.05,308545.0,272825221.0,1.46,8.91,8.78,8.88,8.88,0.81,0.84,35.07,1.87,32550567930.0,32315935519.0,0.11,0.23,21.12,11.77
3543,300474,景嘉微,83.87,-0.57,-0.48,125065.0,1062385831.57,4.14,86.66,83.17,83.78,84.35,0.97,3.83,1376.96,6.04,43832074233.0,27413036311.0,-0.01,0.02,57.86,18.81
3545,601928,凤凰传媒,10.37,-0.58,-0.06,137595.0,144025280.0,2.21,10.6,10.37,10.46,10.43,1.05,0.54,14.73,1.38,26390613000.0,26390613000.0,-0.1,-0.19,-4.78,24.79
3547,601298,青岛港,8.56,-0.58,-0.05,98905.0,84768823.0,1.86,8.64,8.48,8.63,8.61,0.87,0.18,10.6,1.31,55563816000.0,46156162000.0,0.12,0.12,-12.11,45.33
3555,600352,浙江龙盛,10.19,-0.59,-0.06,166249.0,169914759.0,1.46,10.29,10.14,10.28,10.25,0.7,0.51,18.37,0.97,33151451653.0,33151451653.0,0.0,0.2,15.66,28.18
3558,601607,上海医药,21.82,-0.59,-0.13,147797.0,323822312.0,1.64,22.13,21.77,22.0,21.95,0.58,0.76,14.95,1.14,80837851766.0,42177588164.0,0.05,0.09,13.41,34.36
3571,000997,新 大 陆,19.61,-0.61,-0.12,165842.0,332109417.63,5.07,20.56,19.56,19.75,19.73,0.87,1.62,18.54,2.89,20238754195.0,20126659454.0,0.0,0.1,65.07,2.89
3636,603156,养元饮品,20.8,-0.67,-0.14,18865.0,39322249.0,1.58,21.04,20.71,20.97,20.94,0.63,0.15,16.06,2.67,26322266880.0,26322266880.0,-0.24,-0.1,10.23,5.8
3652,000932,华菱钢铁,4.36,-0.68,-0.03,402944.0,176368935.76,2.05,4.42,4.33,4.38,4.39,0.69,0.58,12.76,0.56,30121637696.0,30121263102.0,-0.23,0.0,9.0,-11.38
3668,601696,中银证券,11.28,-0.7,-0.08,302861.0,343564737.0,2.11,11.49,11.25,11.38,11.36,0.86,1.09,35.58,1.76,31335840000.0,31335840000.0,0.09,0.18,31.62,10.16
3677,601198,东兴证券,11.16,-0.71,-0.08,443249.0,496563334.0,1.51,11.3,11.13,11.25,11.24,0.76,1.37,28.69,1.31,36074092003.0,36074092003.0,0.09,0.18,40.73,38.29
3686,603589,口子窖,40.01,-0.72,-0.29,61844.0,248280624.0,1.69,40.59,39.91,40.18,40.3,0.79,1.03,13.74,2.36,24006000000.0,23930760075.0,-0.07,0.03,13.66,-8.65
3692,600642,申能股份,8.17,-0.73,-0.06,126723.0,103780426.0,1.09,8.24,8.15,8.2,8.23,0.56,0.26,9.14,1.14,39984753503.0,39861760934.0,-0.12,0.25,1.11,35.71
3713,603806,福斯特,17.31,-0.75,-0.13,205371.0,357620748.0,2.58,17.67,17.22,17.27,17.44,0.87,0.79,26.92,2.85,45157217598.0,45157217598.0,0.0,0.17,17.92,0.93
3725,002244,滨江集团,9.24,-0.75,-0.07,219719.0,204014044.9,2.79,9.43,9.17,9.29,9.31,0.75,0.82,13.2,1.08,28749741544.0,24784948558.0,0.11,0.43,19.53,28.69
3733,002120,韵达股份,7.83,-0.76,-0.06,251599.0,198490225.85,2.03,7.98,7.82,7.97,7.89,0.84,0.89,12.09,1.15,22700694423.0,22042415259.0,0.0,0.13,25.08,7.41
3748,688318,财富趋势,166.21,-0.77,-1.29,47514.0,798886382.0,4.08,172.36,165.52,167.02,167.5,0.94,2.6,158.35,8.76,30406869601.0,30406869601.0,0.07,0.19,102.08,85.65
3758,300661,圣邦股份,86.64,-0.78,-0.68,30576.0,265773045.85,2.18,87.96,86.06,87.45,87.32,0.75,0.68,107.65,9.53,40892400484.0,39207644443.0,-0.01,-0.08,31.29,-2.55
3760,600109,国金证券,8.89,-0.78,-0.07,345204.0,308367969.0,1.56,9.0,8.86,8.98,8.96,0.81,1.08,27.7,1.0,33004654044.0,28444061481.0,0.11,0.34,21.78,-0.56
3761,688120,华海清科,186.6,-0.78,-1.47,23304.0,438188543.0,2.72,190.92,185.8,188.0,188.07,0.77,1.37,45.97,7.17,44172865034.0,31716890892.0,0.05,0.05,49.18,48.57
3788,688617,惠泰医疗,352.15,-0.81,-2.87,4336.0,153564052.0,2.93,361.39,351.0,355.92,355.02,0.75,0.45,48.7,14.36,34297213993.0,34297213993.0,0.0,-0.52,3.08,32.11
3799,600100,同方股份,7.32,-0.81,-0.06,509605.0,376259004.0,2.17,7.46,7.3,7.38,7.38,0.76,1.52,246.36,1.62,24524179259.0,24524179259.0,0.14,0.14,58.1,-0.41
3806,000723,美锦能源,4.83,-0.82,-0.04,399152.0,194050914.34,1.03,4.88,4.83,4.86,4.87,0.55,0.93,-24.0,1.44,20958095954.0,20788093864.0,-0.21,-0.21,24.81,-27.48
3815,601236,红塔证券,8.35,-0.83,-0.07,303129.0,253782912.0,1.43,8.44,8.32,8.42,8.42,1.1,0.64,45.31,1.66,39385177646.0,39385177646.0,0.12,0.0,30.47,11.63
3818,000800,一汽解放,8.34,-0.83,-0.07,113855.0,95406986.86,1.19,8.43,8.33,8.38,8.41,0.63,0.25,84.67,1.57,41052575608.0,38551775117.0,0.0,0.12,8.59,-0.12
3819,601168,西部矿业,16.65,-0.83,-0.14,184507.0,307310427.0,1.49,16.77,16.52,16.77,16.79,0.77,0.77,10.89,2.35,39676950000.0,39676950000.0,0.12,0.12,7.49,20.92
3841,000983,山西焦煤,8.13,-0.85,-0.07,259772.0,211584295.98,0.98,8.19,8.11,8.18,8.2,0.72,0.56,12.16,1.26,46154831610.0,37724935991.0,0.0,0.12,6.14,-10.46
3843,600398,海澜之家,5.8,-0.85,-0.05,323337.0,188298436.0,1.54,5.88,5.79,5.85,5.85,0.78,0.67,10.95,1.66,27856067717.0,27856067717.0,-0.17,0.17,5.65,-12.52
3850,688561,奇安信-U,29.86,-0.86,-0.26,52731.0,159939322.0,3.62,30.85,29.76,30.06,30.12,0.65,0.77,-13.05,2.27,20459247177.0,20459247177.0,0.2,0.2,39.47,-25.52
3851,002340,格林美,6.89,-0.86,-0.06,772610.0,533926206.84,1.73,6.98,6.86,6.95,6.95,0.55,1.52,29.34,1.84,35354598828.0,35069805838.0,0.0,0.0,21.09,28.07
3859,600733,北汽蓝谷,9.1,-0.87,-0.08,2292241.0,2113534658.0,4.03,9.43,9.06,9.09,9.18,0.71,4.71,-8.47,28.23,50718878838.0,44325389481.0,0.0,0.33,34.02,48.45
3868,002444,巨星科技,28.03,-0.88,-0.25,117777.0,334844549.15,2.93,28.73,27.9,28.28,28.28,0.9,1.02,13.06,2.08,33706130836.0,32262511276.0,0.14,0.11,17.43,26.43
3870,002056,横店东磁,13.41,-0.89,-0.12,133726.0,180134518.31,1.92,13.61,13.35,13.53,13.53,0.82,0.82,17.66,2.37,21814208912.0,21792027901.0,0.07,0.07,13.74,1.98
3873,000750,国海证券,4.46,-0.89,-0.04,1187611.0,533080307.86,2.0,4.54,4.45,4.5,4.5,0.74,2.05,115.98,1.31,28482338167.0,25851069737.0,0.0,0.0,55.94,27.79
3874,003022,联泓新科,15.59,-0.89,-0.14,48212.0,75681361.58,1.84,15.85,15.56,15.67,15.73,0.75,0.36,87.57,2.9,20821505120.0,20821505120.0,-0.06,0.0,27.68,-14.48
3879,300751,迈为股份,122.98,-0.89,-1.11,23310.0,289297403.65,3.16,125.98,122.06,124.09,124.09,0.75,1.21,33.98,4.61,34361227638.0,23778479259.0,-0.02,-0.02,54.71,-3.85
3887,300866,安克创新,81.13,-0.9,-0.74,36517.0,301298950.26,3.77,83.98,80.89,82.24,81.87,0.98,1.23,21.97,5.21,43113356257.0,24047082577.0,0.01,0.16,47.29,22.89
3891,000630,铜陵有色,3.26,-0.91,-0.03,1243152.0,407921702.1,1.22,3.3,3.26,3.27,3.29,0.86,1.18,11.46,1.25,41704920507.0,34316227867.0,0.0,-0.31,6.54,1.88
3893,601099,太平洋,4.34,-0.91,-0.04,2212008.0,965579544.0,1.83,4.41,4.33,4.39,4.38,0.77,3.25,162.82,3.08,29582813046.0,29582813046.0,0.23,0.0,40.91,17.3
3905,002252,上海莱士,7.51,-0.92,-0.07,292886.0,220775161.87,1.45,7.6,7.49,7.58,7.58,0.83,0.44,20.34,1.6,49851266126.0,49827269986.0,-0.13,0.0,2.6,-5.3
3914,002185,华天科技,11.7,-0.93,-0.11,732737.0,865466939.68,2.46,11.95,11.66,11.83,11.81,0.88,2.29,78.76,2.28,37492470382.0,37483755578.0,0.0,0.17,53.34,37.65
3916,600095,湘财股份,7.44,-0.93,-0.07,221221.0,165336022.0,1.46,7.54,7.43,7.49,7.51,0.69,0.77,109.57,1.8,21272356808.0,21272356808.0,-0.13,0.0,26.32,-0.53
3929,600998,九州通,5.28,-0.94,-0.05,228384.0,120422763.0,2.06,5.33,5.22,5.32,5.33,0.78,0.45,11.77,1.08,26624242836.0,26624242836.0,-0.19,-0.19,16.04,0.76
3943,600637,东方明珠,8.35,-0.95,-0.08,646307.0,549448281.0,4.15,8.69,8.34,8.6,8.43,1.57,1.92,29.29,0.94,28071863472.0,28071863472.0,-0.24,-0.12,39.4,13.76
3947,000878,云南铜业,12.5,-0.95,-0.12,216374.0,271450770.98,1.19,12.63,12.48,12.57,12.62,0.83,1.08,12.34,1.69,25045353875.0,25044862075.0,0.0,0.08,14.16,18.37
3949,600026,中远海能,12.46,-0.95,-0.12,162938.0,203172256.0,1.19,12.58,12.43,12.58,12.58,0.76,0.47,13.05,1.65,59443873882.0,43295713882.0,0.0,0.08,-16.82,4.79
3953,000807,云铝股份,13.48,-0.96,-0.13,271380.0,366787809.63,2.06,13.64,13.36,13.59,13.61,0.96,0.78,9.18,1.67,46748065819.0,46747287269.0,-0.15,-0.3,14.43,14.63
3960,000738,航发控制,21.69,-0.96,-0.21,70349.0,153540679.48,2.92,22.25,21.61,21.87,21.9,0.66,0.53,34.02,2.33,28526340982.0,28526340982.0,0.14,0.18,16.55,9.93
3962,600871,石化油服,2.06,-0.96,-0.02,684603.0,141770146.0,1.44,2.09,2.06,2.07,2.08,0.86,0.5,43.36,4.33,39097588788.0,27952919815.0,-0.48,0.0,10.16,12.57
3963,002262,恩华药业,26.75,-0.96,-0.26,35418.0,94981832.4,1.81,27.09,26.6,27.09,27.01,0.43,0.4,19.99,3.81,27182729186.0,23587950713.0,0.26,0.41,3.32,-0.19
3966,603129,春风动力,145.6,-0.97,-1.42,10800.0,157473225.0,2.75,147.75,143.7,146.99,147.02,0.69,0.71,15.29,3.81,22048479253.0,22048479253.0,0.01,-0.01,8.93,45.37
3969,600521,华海药业,17.4,-0.97,-0.17,72041.0,126169764.0,1.88,17.69,17.36,17.68,17.57,0.48,0.49,18.56,2.98,25521544900.0,25521544900.0,0.06,0.06,2.84,20.25
3972,600256,广汇能源,7.15,-0.97,-0.07,538540.0,387003358.0,1.52,7.24,7.13,7.21,7.22,0.89,0.82,17.58,1.78,46945149244.0,46945149244.0,-0.14,-0.28,25.22,11.02
3976,600236,桂冠电力,6.11,-0.97,-0.06,117123.0,71868772.0,1.13,6.18,6.11,6.16,6.17,0.77,0.15,16.69,2.84,48161328370.0,48161328370.0,-0.16,-0.16,-6.57,14.42
3978,300450,先导智能,23.36,-0.97,-0.23,670130.0,1604348922.51,5.17,24.5,23.28,23.53,23.59,0.82,4.3,45.09,3.06,36585568474.0,36426560949.0,-0.04,0.09,52.88,-7.52
3984,600460,士兰微,27.18,-0.98,-0.27,458419.0,1257140242.0,2.95,27.87,27.06,27.47,27.45,0.94,2.75,1174.66,3.75,45229472747.0,45229472747.0,0.0,0.0,52.18,19.05
3989,603198,迎驾贡酒,61.3,-0.99,-0.61,23659.0,145496191.0,1.47,61.99,61.08,61.9,61.91,0.67,0.3,18.33,5.3,49040000000.0,49040000000.0,-0.03,-0.1,26.13,-5.68
4003,002423,中粮资本,14.9,-1.0,-0.15,446680.0,673761525.49,2.92,15.32,14.88,15.15,15.05,0.77,1.94,20.16,1.57,34331173068.0,34331173068.0,0.0,0.0,97.09,127.48
4018,688249,晶合集成,25.53,-1.01,-0.26,337156.0,864656220.0,2.71,25.99,25.29,25.82,25.79,0.84,2.87,137.71,2.45,51216630558.0,30041942941.0,0.12,0.27,76.43,48.0
4021,600219,南山铝业,3.92,-1.01,-0.04,762043.0,299344032.0,1.77,3.97,3.9,3.97,3.96,0.85,0.65,9.86,0.92,45897527164.0,45897527164.0,0.26,0.26,7.99,43.07
4023,601877,正泰电器,22.47,-1.01,-0.23,77747.0,175359498.0,1.63,22.79,22.42,22.6,22.7,0.66,0.36,10.35,1.16,48287332891.0,48287332891.0,-0.09,-0.04,31.48,7.2
4035,002271,东方雨虹,13.49,-1.03,-0.14,237544.0,322042698.86,1.61,13.68,13.46,13.64,13.63,0.74,1.23,19.3,1.26,32865896473.0,26065691265.0,-0.07,0.0,39.36,-25.06
4036,300251,光线传媒,8.67,-1.03,-0.09,562134.0,497227116.66,5.48,9.13,8.65,8.74,8.76,1.17,2.02,41.39,2.86,25434385105.0,24165226479.0,-0.12,0.12,28.25,7.3
4062,002281,光迅科技,41.65,-1.05,-0.44,218484.0,914632559.6,2.66,42.44,41.32,42.1,42.09,0.74,2.83,53.47,3.74,33078511301.0,32196547144.0,0.07,0.02,48.8,47.38
4072,601966,玲珑轮胎,18.8,-1.05,-0.2,94943.0,179316344.0,1.11,19.0,18.79,18.98,19.0,0.65,0.65,12.05,1.26,27513850440.0,27513850440.0,0.0,-0.05,20.44,0.27
4074,300017,网宿科技,9.4,-1.05,-0.1,1142805.0,1092891752.87,4.53,9.78,9.35,9.52,9.5,1.08,5.01,40.11,2.39,22945288958.0,21462268367.0,0.0,0.0,38.64,23.68
4086,688568,中科星图,58.62,-1.06,-0.63,125037.0,739454076.0,3.36,60.15,58.16,59.25,59.25,0.81,2.3,163.97,8.84,31849766017.0,31849766017.0,-0.02,-0.12,123.74,78.72
4090,601808,中海油服,14.81,-1.07,-0.16,50257.0,74623813.0,1.27,14.96,14.77,14.95,14.97,0.72,0.17,21.68,1.64,70667277520.0,43844531080.0,-0.07,-0.07,3.13,2.78
4098,300763,锦浪科技,67.14,-1.08,-0.73,61439.0,417969403.75,2.96,69.1,67.09,67.61,67.87,0.82,1.91,30.07,3.21,26818904814.0,21587833380.0,-0.03,0.01,25.52,-3.67
4099,000062,深圳华强,26.6,-1.08,-0.29,216245.0,582829335.92,2.64,27.29,26.58,27.15,26.89,0.72,2.07,78.37,4.02,27821187965.0,27781581736.0,-0.11,-0.08,29.5,140.29
4106,600588,用友网络,12.78,-1.08,-0.14,421140.0,542213559.0,2.55,13.05,12.72,12.89,12.92,0.7,1.23,-22.5,5.0,43669226887.0,43669226887.0,0.08,0.31,57.2,-28.16
4121,000408,藏格矿业,28.07,-1.09,-0.31,44191.0,124655030.84,2.08,28.52,27.93,28.49,28.38,0.61,0.28,17.81,3.36,44362812499.0,44362349344.0,0.0,-0.04,19.8,15.61
4127,000960,锡业股份,14.43,-1.1,-0.16,150801.0,218230465.25,1.03,14.55,14.4,14.5,14.59,0.8,0.92,13.88,1.27,23748922167.0,23748922167.0,0.0,0.07,4.41,2.63
4135,601117,中国化学,8.07,-1.1,-0.09,328766.0,266671052.0,1.35,8.17,8.06,8.15,8.16,0.55,0.54,9.63,0.82,49300199435.0,48981516749.0,-0.12,-0.12,17.47,30.58
4140,603606,东方电缆,56.37,-1.11,-0.63,65544.0,372900863.0,4.02,58.17,55.88,56.98,57.0,0.79,0.95,31.19,5.61,38766515294.0,38766515294.0,-0.12,-0.09,26.99,33.26
4153,000598,兴蓉环境,7.09,-1.12,-0.08,248836.0,175973164.96,2.79,7.18,6.98,7.16,7.17,1.3,0.84,9.76,1.19,21159642172.0,21091372562.0,0.14,0.14,-3.67,28.44
4159,603658,安图生物,45.93,-1.12,-0.52,26181.0,121622559.0,2.71,47.08,45.82,46.44,46.45,0.92,0.45,20.93,3.18,26685851122.0,26685851122.0,0.0,0.11,16.16,-17.92
4166,600895,张江高科,28.09,-1.13,-0.32,515805.0,1463707316.0,3.45,28.88,27.9,28.45,28.41,0.95,3.33,63.85,3.46,43502689460.0,43502689460.0,0.0,0.0,73.5,47.38
4179,600062,华润双鹤,20.87,-1.14,-0.24,116697.0,244017842.0,1.61,21.09,20.75,21.07,21.11,0.82,1.14,11.64,2.13,21690591454.0,21438078186.0,-0.19,-0.14,2.56,14.42
4183,600737,中粮糖业,9.54,-1.14,-0.11,159794.0,152891326.0,0.93,9.62,9.53,9.6,9.65,0.72,0.75,13.17,1.85,20404612095.0,20404612095.0,-0.1,0.0,19.4,28.74
4186,600848,上海临港,10.38,-1.14,-0.12,58528.0,61019498.0,1.9,10.55,10.35,10.5,10.5,0.76,0.24,31.75,1.4,26183415102.0,24848809394.0,0.0,0.0,18.76,5.38
4202,600879,航天电子,9.42,-1.15,-0.11,534192.0,507941143.0,3.04,9.67,9.38,9.5,9.53,0.8,1.65,41.49,1.5,31079399726.0,30418810668.0,0.21,0.32,32.3,22.98
4210,601456,国联证券,11.91,-1.16,-0.14,243789.0,291852187.0,1.83,12.1,11.88,12.05,12.05,0.68,1.02,63.9,1.84,33726418431.0,28454576031.0,0.17,0.17,26.97,11.31
4214,300628,亿联网络,37.32,-1.17,-0.44,46501.0,174386950.73,2.15,38.02,37.21,37.9,37.76,0.65,0.64,17.13,5.69,47165583339.0,26984729932.0,0.05,0.08,17.62,33.05
4215,600863,内蒙华电,4.24,-1.17,-0.05,398857.0,169758599.0,1.4,4.29,4.23,4.28,4.29,0.72,0.61,8.41,1.66,27674004319.0,27674004319.0,0.0,0.24,-1.17,13.98
4222,002821,凯莱英,81.65,-1.17,-0.97,23942.0,196030078.41,3.06,83.83,81.3,82.63,82.62,0.78,0.73,31.7,1.81,30024183110.0,26834520798.0,0.12,0.18,35.41,-28.57
4254,835185,贝特瑞,24.66,-1.2,-0.3,67618.0,170460860.59,4.05,25.61,24.6,25.17,24.96,0.75,0.62,30.76,2.32,27537213810.0,27109691602.0,0.0,-0.04,52.41,9.55
4263,300373,扬杰科技,44.83,-1.21,-0.55,83626.0,378605862.36,2.51,45.83,44.69,45.38,45.38,0.87,1.54,27.3,2.89,24358281291.0,24304488564.0,-0.07,0.09,31.58,25.08
4268,300339,润和软件,60.04,-1.22,-0.74,715540.0,4339838725.24,3.69,61.9,59.66,61.08,60.78,0.85,9.2,324.02,13.92,47816506894.0,46692307487.0,0.02,-0.08,193.59,131.1
4276,603290,斯达半导,97.63,-1.22,-1.21,33504.0,329744906.0,2.04,99.6,97.58,98.25,98.84,0.79,1.4,41.41,3.55,23370337067.0,23370337067.0,-0.02,0.05,36.58,-23.81
4284,601958,金钼股份,10.45,-1.23,-0.13,121167.0,126947169.0,1.8,10.59,10.4,10.55,10.58,0.79,0.38,11.52,2.07,33718015980.0,33718015980.0,0.19,0.19,7.51,15.47
4307,688819,天能股份,28.45,-1.25,-0.36,20124.0,57705315.0,1.6,28.91,28.45,28.58,28.81,0.66,0.21,14.17,1.74,27656245000.0,27656245000.0,-0.14,-0.04,31.41,4.33
4321,600765,中航重机,20.34,-1.26,-0.26,138539.0,283434947.0,2.62,20.77,20.23,20.64,20.6,0.79,0.94,22.31,2.45,30132454290.0,29914409490.0,0.0,0.1,28.57,7.96
4329,603529,爱玛科技,38.0,-1.27,-0.49,41010.0,156334040.0,3.38,38.75,37.45,38.2,38.49,0.71,0.49,15.81,3.95,32745169050.0,32025099450.0,0.0,0.05,31.94,57.22
4337,300699,光威复材,33.92,-1.28,-0.44,93379.0,321046212.05,3.46,35.0,33.81,34.23,34.36,0.84,1.14,34.39,5.12,28199459840.0,27863348222.0,0.06,0.06,29.56,29.61
4369,603179,新泉股份,44.9,-1.32,-0.6,38668.0,175604115.0,3.71,46.31,44.62,45.52,45.5,0.76,0.79,23.94,4.22,21879929171.0,21879929171.0,0.0,0.04,34.75,-10.93
4378,002653,海思科,38.0,-1.32,-0.51,60392.0,232312973.68,3.71,39.29,37.86,38.17,38.51,0.88,1.13,83.59,9.96,42556882860.0,20271786204.0,0.37,0.21,25.12,66.59
4384,300896,爱美客,205.67,-1.33,-2.78,17527.0,362280089.85,1.59,208.34,205.02,207.61,208.45,0.59,0.84,29.42,8.37,62202351476.0,42874846205.0,-0.06,-0.09,48.44,-1.4
4385,002409,雅克科技,63.56,-1.33,-0.86,84082.0,540775505.86,3.1,65.32,63.32,64.42,64.42,0.85,2.64,30.3,4.17,30249963214.0,20245305799.0,0.0,0.11,25.07,15.46
4392,601567,三星医疗,30.77,-1.35,-0.42,77066.0,238352371.0,2.92,31.46,30.55,31.29,31.19,1.06,0.55,17.93,3.71,43419112251.0,43170490374.0,-0.1,-0.06,1.35,55.01
4394,689009,九号公司-WD,43.13,-1.35,-0.59,58258.0,253265960.0,2.9,44.27,43.0,43.74,43.72,0.86,1.07,23.91,5.1,30916211240.0,23565793972.0,0.05,0.09,-7.15,46.8
4397,000513,丽珠集团,36.42,-1.35,-0.5,45664.0,167260514.11,1.54,36.97,36.4,36.86,36.92,0.62,0.76,15.15,2.39,33789569215.0,21883949518.0,-0.03,0.0,2.1,8.2
4408,600483,福能股份,9.41,-1.36,-0.13,186558.0,176341278.0,1.57,9.55,9.4,9.53,9.54,0.79,0.69,10.78,1.07,25497879983.0,25497879983.0,-0.11,0.0,-5.52,18.22
4414,600498,烽火通信,17.93,-1.38,-0.25,163219.0,295442929.0,2.15,18.29,17.9,18.18,18.18,0.76,1.4,40.48,1.67,21237445939.0,20916773627.0,0.06,-0.06,26.53,8.6
4417,600426,华鲁恒升,21.47,-1.38,-0.3,163131.0,352554065.0,2.11,21.88,21.42,21.73,21.77,1.04,0.77,11.21,1.48,45586535298.0,45423934614.0,-0.09,0.05,-0.05,-19.56
4419,688278,特宝生物,73.56,-1.38,-1.03,20332.0,150033611.0,3.06,74.79,72.51,74.69,74.59,1.2,0.5,40.5,13.21,29924208000.0,29924208000.0,-0.05,-0.04,30.19,41.62
4420,603833,欧派家居,70.6,-1.38,-0.99,24514.0,174508262.0,3.03,72.2,70.03,71.57,71.59,0.62,0.4,15.88,2.39,43006167912.0,43006167912.0,-0.14,0.06,63.43,5.61
4429,601019,山东出版,10.62,-1.39,-0.15,58237.0,62510237.0,3.16,10.94,10.6,10.81,10.77,0.97,0.28,17.15,1.52,22162878000.0,22162878000.0,-0.09,0.0,-13.16,20.41
4431,002414,高德红外,7.78,-1.39,-0.11,252178.0,198057209.97,2.66,7.97,7.76,7.85,7.89,0.67,0.74,496.29,4.88,33226326920.0,26441204713.0,0.0,0.0,36.49,6.72
4433,000786,北新建材,28.23,-1.4,-0.4,119883.0,337992069.34,3.04,28.8,27.93,28.79,28.63,1.46,0.73,11.37,1.9,47694806380.0,46084036964.0,0.0,0.11,12.34,25.3
4455,300919,中伟股份,39.58,-1.42,-0.57,59268.0,236185452.08,2.17,40.32,39.45,40.16,40.15,0.67,0.65,21.02,1.86,37090014838.0,36010588564.0,-0.05,0.0,46.0,16.48
4461,600535,天士力,14.53,-1.42,-0.21,84510.0,123508825.0,1.49,14.75,14.53,14.75,14.74,0.68,0.57,19.33,1.71,21707093573.0,21707093573.0,-0.07,-0.14,5.06,-11.56
4464,002028,思源电气,75.93,-1.43,-1.1,34388.0,262794761.94,1.75,77.16,75.81,76.88,77.03,0.76,0.57,29.64,5.01,58944209114.0,45916400078.0,-0.09,-0.08,20.5,47.04
4466,603659,璞泰来,19.97,-1.43,-0.29,296639.0,598047993.0,4.15,20.6,19.76,20.24,20.26,0.56,1.39,25.85,2.31,42679192479.0,42663889548.0,0.0,0.15,84.06,-3.94
4470,002422,科伦药业,32.19,-1.44,-0.47,146361.0,477358503.61,3.86,33.34,32.08,32.67,32.66,0.99,1.12,15.65,2.29,51555252049.0,42125832387.0,0.12,0.16,-0.25,15.01
4471,002008,大族激光,25.31,-1.44,-0.37,238526.0,607515748.49,1.95,25.75,25.25,25.68,25.68,0.5,2.44,14.01,1.68,26631004830.0,24785677078.0,0.08,0.16,39.76,23.34
4482,688363,华熙生物,57.84,-1.45,-0.85,20546.0,120136015.0,2.25,59.14,57.82,58.7,58.69,0.84,0.43,57.72,3.97,27860269517.0,27860269517.0,0.0,-0.31,19.11,-13.09
4484,600096,云天化,21.72,-1.45,-0.32,232125.0,505253818.0,2.09,22.04,21.58,22.04,22.04,0.91,1.27,6.75,1.86,39841620385.0,39841620385.0,0.0,0.05,3.87,48.77
4485,002673,西部证券,8.8,-1.46,-0.13,886946.0,786886972.08,2.24,8.97,8.77,8.88,8.93,0.49,2.16,40.48,1.39,39332319004.0,36160912550.0,0.0,0.11,38.8,40.35
4488,600132,重庆啤酒,60.86,-1.46,-0.9,25081.0,153586070.0,1.44,61.71,60.82,61.55,61.76,0.78,0.52,16.59,13.79,29454487110.0,29454487110.0,-0.02,-0.03,14.44,-4.38
4508,688122,西部超导,44.03,-1.48,-0.66,53508.0,237137512.0,1.97,44.83,43.95,44.73,44.69,0.51,0.82,35.54,4.38,28604727803.0,28604727803.0,0.09,0.16,32.9,-16.18
4523,600582,天地科技,5.92,-1.5,-0.09,299824.0,178384162.0,1.66,6.01,5.91,6.0,6.01,0.79,0.72,8.45,1.02,24500446241.0,24500446241.0,0.0,0.0,8.62,14.73
4526,601699,潞安环能,14.46,-1.5,-0.22,98390.0,142998352.0,1.5,14.67,14.45,14.67,14.68,0.54,0.33,11.59,0.92,43255777032.0,43255777032.0,0.0,0.07,0.14,-28.84
4532,300346,南大光电,38.6,-1.51,-0.59,187857.0,732056574.9,2.68,39.55,38.5,39.2,39.19,0.82,3.43,62.82,6.66,22247267720.0,21119160100.0,0.0,0.05,54.15,40.21
4551,300122,智飞生物,29.0,-1.53,-0.45,187646.0,548955608.98,1.94,29.55,28.98,29.47,29.45,0.77,1.33,24.21,2.21,69419902663.0,41014936640.0,0.0,-0.07,30.34,-51.92
4562,603737,三棵树,47.86,-1.54,-0.75,28618.0,136894564.0,3.17,48.8,47.26,48.6,48.61,0.95,0.54,46.1,9.1,25222817341.0,25222817341.0,-0.04,-0.15,76.67,0.86
4568,000157,中联重科,6.97,-1.55,-0.11,407976.0,285762100.26,1.69,7.08,6.96,7.05,7.08,0.91,0.58,14.45,1.06,60485605885.0,49281455139.0,-0.14,0.0,9.59,12.24
4574,601179,中国西电,7.59,-1.56,-0.12,358978.0,273867862.0,1.69,7.72,7.59,7.71,7.71,0.78,0.7,37.09,1.78,38905447052.0,38905447052.0,-0.13,-0.13,17.49,57.14
4575,603605,珀莱雅,90.3,-1.56,-1.43,25728.0,234831762.0,2.89,92.65,90.0,91.73,91.73,0.77,0.65,26.86,7.47,35781152411.0,35705072855.0,0.02,0.08,6.67,-8.32
4578,000988,华工科技,35.23,-1.56,-0.56,253303.0,899006482.51,2.21,35.99,35.2,35.7,35.79,0.92,2.52,28.34,3.57,35423860368.0,35405644696.0,-0.03,-0.06,24.27,18.98
4579,000958,电投产融,6.92,-1.56,-0.11,632562.0,441757274.96,2.56,7.09,6.91,7.03,7.03,0.6,1.18,36.62,1.89,37253256158.0,37253100458.0,0.0,0.14,102.93,78.35
4586,002318,久立特材,23.8,-1.57,-0.38,75486.0,180623575.0,3.27,24.39,23.6,24.22,24.18,1.41,0.79,16.69,3.07,23256663136.0,22723333744.0,-0.17,-0.04,21.93,22.68
4589,603486,科沃斯,48.1,-1.58,-0.77,35299.0,170069733.0,2.56,49.0,47.75,49.0,48.87,0.84,0.62,33.75,4.04,27671697196.0,27378595036.0,0.0,0.06,26.81,16.92
4591,600988,赤峰黄金,16.84,-1.58,-0.27,336938.0,568060533.0,1.58,17.0,16.73,16.9,17.11,0.63,2.02,19.02,3.94,28020267606.0,28020267606.0,0.0,0.06,-6.08,20.63
4595,300347,泰格医药,62.2,-1.58,-1.0,65164.0,412075166.84,4.43,64.86,62.06,63.25,63.2,0.73,1.15,49.6,2.55,53799801054.0,35291350483.0,0.0,0.0,30.73,14.34
4610,688169,石头科技,205.5,-1.6,-3.34,26229.0,542655996.0,2.34,209.5,204.61,208.6,208.84,0.82,1.42,19.34,3.09,37960606914.0,37960606914.0,-0.01,-0.17,-8.32,3.39
4614,600362,江西铜业,20.86,-1.6,-0.34,117551.0,246908272.0,1.65,21.2,20.85,21.2,21.2,0.87,0.57,10.87,0.95,72232535388.0,43289660868.0,0.0,-0.05,2.66,20.86
4615,600348,华阳股份,7.36,-1.6,-0.12,235815.0,174418809.0,1.87,7.48,7.34,7.48,7.48,0.91,0.65,10.95,0.96,26551200000.0,26551200000.0,0.0,0.14,2.51,-18.58
4632,600546,山煤国际,12.11,-1.62,-0.2,146326.0,178233674.0,1.62,12.3,12.1,12.3,12.31,0.92,0.74,8.65,1.44,24007543855.0,24007543855.0,-0.08,0.08,8.22,-28.17
4638,300223,北京君正,67.54,-1.63,-1.12,91183.0,623190058.28,2.68,69.26,67.42,68.01,68.66,0.74,2.17,80.13,2.73,32525231789.0,28339149056.0,0.01,0.0,54.55,4.79
4643,300207,欣旺达,22.8,-1.64,-0.38,264974.0,610864402.81,2.59,23.32,22.72,23.16,23.18,0.63,1.55,26.04,1.79,42084384689.0,39026422469.0,0.04,0.13,47.0,55.74
4647,600233,圆通速递,14.38,-1.64,-0.24,257393.0,372769374.0,2.8,14.78,14.37,14.75,14.62,0.72,0.75,12.68,1.62,49544761938.0,49544761938.0,0.0,0.0,-2.18,20.44
4651,002555,三七互娱,16.68,-1.65,-0.28,1044580.0,1777907812.6,5.54,17.55,16.61,16.97,16.96,1.27,6.51,14.62,2.94,36993976207.0,26764626135.0,0.0,0.18,25.89,-6.34
4664,002236,大华股份,15.97,-1.66,-0.27,337289.0,542928552.6,2.4,16.32,15.93,16.23,16.24,0.82,1.6,15.51,1.47,52614514497.0,33588838907.0,-0.06,0.13,23.99,-10.68
4670,601162,天风证券,4.7,-1.67,-0.08,3588155.0,1701954055.0,2.51,4.82,4.7,4.77,4.78,0.7,4.14,-56.95,1.77,40729060081.0,40729060081.0,0.0,-0.21,103.46,52.1
4672,600583,海油工程,5.28,-1.68,-0.09,348305.0,185166911.0,1.86,5.37,5.27,5.34,5.37,0.77,0.79,10.04,0.9,23344753344.0,23344753344.0,0.0,0.19,-2.22,-8.81
4675,600027,华电国际,5.27,-1.68,-0.09,470504.0,248701617.0,2.24,5.36,5.24,5.35,5.36,1.14,0.55,7.84,1.29,53899247171.0,44849426099.0,0.0,0.0,0.38,7.33
4677,002558,巨人网络,12.84,-1.68,-0.22,389611.0,508812825.3,4.21,13.32,12.77,13.0,13.06,0.97,2.01,17.4,2.04,24842197845.0,24842197845.0,0.23,0.23,46.74,17.58
4679,600562,国睿科技,20.42,-1.69,-0.35,179471.0,370356524.0,4.48,21.13,20.2,20.77,20.77,1.01,1.45,51.64,4.42,25358737093.0,25198928478.0,0.05,0.29,61.93,49.05
4685,688777,中控技术,46.45,-1.69,-0.8,97382.0,456237718.0,2.2,47.45,46.41,47.18,47.25,0.77,1.25,38.43,3.68,36722963841.0,36168382892.0,-0.02,-0.11,21.41,4.03
4686,300001,特锐德,22.04,-1.69,-0.38,147563.0,326625174.7,2.05,22.41,21.95,22.36,22.42,0.83,1.44,39.08,3.37,23267445355.0,22655931934.0,0.14,0.05,28.74,10.2
4697,603568,伟明环保,20.7,-1.71,-0.36,41963.0,87104840.0,2.61,21.15,20.6,21.08,21.06,1.04,0.25,12.54,2.81,35286216063.0,35156675463.0,0.0,0.05,14.49,31.43
4709,000830,鲁西化工,11.4,-1.72,-0.2,219176.0,251536511.34,1.72,11.59,11.39,11.59,11.6,0.59,1.15,10.37,1.19,21775965941.0,21700586656.0,-0.09,-0.09,5.95,15.15
4716,002032,苏 泊 尔,51.59,-1.73,-0.91,12357.0,64119832.93,1.66,52.45,51.58,52.45,52.5,0.84,0.15,21.64,7.37,41351366417.0,41263928280.0,-0.04,-0.06,1.28,2.61
4725,600066,宇通客车,21.45,-1.74,-0.38,171613.0,370685722.0,2.11,21.86,21.4,21.82,21.83,0.66,0.78,14.65,4.0,47488996333.0,47488996333.0,-0.05,0.05,0.61,82.55
4730,002508,老板电器,22.5,-1.75,-0.4,70102.0,158143715.91,2.14,22.91,22.42,22.9,22.9,0.75,0.75,13.25,1.97,21242914110.0,20966719500.0,-0.27,0.09,26.33,10.95
4739,688002,睿创微纳,47.0,-1.76,-0.84,56968.0,269370120.0,3.74,48.5,46.71,48.5,47.84,0.87,1.27,32.7,4.17,21078393056.0,21078393056.0,0.09,0.21,98.15,6.7
4741,600566,济川药业,28.51,-1.76,-0.51,56805.0,162875257.0,2.65,29.17,28.4,29.09,29.02,0.91,0.62,10.36,1.87,26277785602.0,26107980042.0,-0.07,0.07,-0.73,-5.38
4749,300782,卓胜微,91.36,-1.76,-1.64,71077.0,657378891.91,2.67,93.68,91.2,93.14,93.0,0.78,1.59,86.09,4.78,48834543037.0,40890043895.0,-0.01,-0.03,44.26,-35.1
4757,300765,新诺威,28.78,-1.77,-0.52,96723.0,282237825.19,4.1,29.71,28.51,29.17,29.3,0.85,0.78,217.6,10.6,40424184928.0,35890744651.0,0.1,-0.14,20.12,-4.86
4758,603979,金诚信,38.7,-1.78,-0.7,33826.0,131285852.0,2.03,39.34,38.54,39.29,39.4,0.65,0.54,16.56,2.91,24139483401.0,24139483401.0,0.03,0.0,-6.88,3.04
4759,601001,晋控煤业,13.82,-1.78,-0.25,99445.0,138504962.0,1.92,14.07,13.8,14.03,14.07,0.75,0.59,8.07,1.28,23130534000.0,23130534000.0,-0.07,-0.07,-1.29,19.76
4776,300024,机器人,17.97,-1.8,-0.33,713133.0,1293658120.54,3.28,18.5,17.9,18.45,18.3,0.56,4.65,-211.6,6.47,28134190502.0,27544268089.0,-0.06,0.06,98.13,51.39
4797,600487,亨通光电,17.13,-1.83,-0.32,312055.0,536197470.0,3.44,17.55,16.95,17.43,17.45,0.95,1.27,13.69,1.49,42255164674.0,42255164674.0,0.12,0.12,38.93,45.29
4813,600600,青岛啤酒,70.28,-1.86,-1.33,38314.0,272569080.0,2.57,72.1,70.26,71.61,71.61,0.94,0.54,14.41,3.22,95875750261.0,49830694674.0,-0.1,-0.01,22.14,-3.4
4818,600378,昊华科技,30.03,-1.86,-0.57,16705.0,50337425.0,2.09,30.55,29.91,30.5,30.6,0.77,0.18,29.33,2.67,33290720253.0,27346723584.0,-0.07,0.17,11.43,-0.33
4820,688521,芯原股份,49.36,-1.87,-0.94,106865.0,536689478.0,5.09,51.77,49.21,50.05,50.3,0.98,2.15,-46.79,10.62,24697526848.0,24570084708.0,-0.02,0.02,85.22,-1.2
4822,000831,中国稀土,30.4,-1.87,-0.58,206807.0,634635877.11,2.42,31.15,30.4,30.87,30.98,0.51,1.95,-119.19,7.05,32261112533.0,32261112533.0,-0.03,-0.1,42.32,10.18
4826,688065,凯赛生物,44.3,-1.88,-0.85,22036.0,98117492.0,2.79,45.28,44.02,45.2,45.15,0.88,0.38,56.15,2.27,25843647128.0,25843647128.0,0.14,-0.05,29.38,-19.15
4827,300073,当升科技,44.8,-1.88,-0.86,152609.0,692821705.37,2.61,45.96,44.77,45.55,45.66,0.65,3.02,36.66,1.72,22691234675.0,22640297568.0,0.07,-0.18,53.01,19.63
4833,000975,山金国际,16.08,-1.89,-0.31,212729.0,344154267.6,2.56,16.47,16.05,16.24,16.39,0.88,0.86,19.39,3.57,44649694021.0,39992427429.0,0.0,-0.06,-5.52,9.24
4836,603228,景旺电子,24.82,-1.9,-0.48,96863.0,242475451.0,2.21,25.3,24.74,25.3,25.3,0.71,1.05,19.19,2.14,23145423937.0,22849284107.0,0.0,0.08,7.77,12.51
4837,002738,中矿资源,37.73,-1.9,-0.73,123822.0,467548444.56,2.5,38.33,37.37,38.33,38.46,0.66,1.74,37.41,2.28,27221888519.0,26834633421.0,0.0,-0.08,36.31,3.91
4838,601231,环旭电子,13.93,-1.9,-0.27,181991.0,255816104.0,2.11,14.22,13.92,14.18,14.2,0.75,0.83,17.63,1.78,30485954135.0,30485954135.0,0.0,-0.07,-8.66,-6.13
4839,600549,厦门钨业,20.1,-1.9,-0.39,148094.0,299772301.0,1.85,20.46,20.08,20.46,20.49,0.61,1.05,15.24,2.36,28503781860.0,28434430830.0,-0.1,-0.05,21.52,19.79
4857,300037,新宙邦,41.25,-1.93,-0.81,100540.0,421367335.04,4.28,42.83,41.03,41.88,42.06,0.61,1.84,33.25,3.35,31097689178.0,22532460431.0,-0.05,0.15,32.08,-11.67
4858,300759,康龙化成,26.99,-1.93,-0.53,200966.0,547102756.44,2.51,27.65,26.96,27.5,27.52,0.87,1.41,25.45,3.6,48241772076.0,38557465561.0,0.04,0.04,44.64,-6.22
4862,600060,海信视像,18.8,-1.93,-0.37,233572.0,437206326.0,3.86,19.15,18.41,19.14,19.17,1.24,1.8,14.04,1.31,24533478375.0,24347774494.0,0.0,0.05,29.21,-6.42
4869,688188,柏楚电子,179.6,-1.94,-3.55,9014.0,163467351.0,2.65,183.56,178.7,183.0,183.15,0.8,0.44,38.13,7.02,36899306357.0,36899306357.0,0.28,0.32,17.49,0.74
4873,600875,东方电气,15.07,-1.95,-0.3,215389.0,325509247.0,2.34,15.36,15.0,15.36,15.37,0.6,1.06,13.42,1.22,46980716817.0,30495336434.0,0.27,0.4,11.96,6.5
4875,300114,中航电测,67.2,-1.96,-1.34,142981.0,971342393.55,3.05,68.99,66.9,68.0,68.54,0.8,2.42,288.44,15.93,39699105533.0,39699105533.0,0.01,0.12,66.13,53.6
4882,002532,天山铝业,7.98,-1.97,-0.16,313534.0,251552255.08,2.09,8.14,7.97,8.13,8.14,0.82,0.76,9.03,1.46,37122045612.0,32957443507.0,0.0,0.0,20.18,40.99
4893,300413,芒果超媒,28.64,-1.98,-0.58,214955.0,627338812.59,5.27,30.07,28.53,29.56,29.22,1.02,2.1,27.82,2.37,53577444142.0,29261486797.0,0.03,0.28,56.42,14.47
4898,600754,锦江酒店,25.65,-1.99,-0.52,99177.0,256592857.0,3.36,26.44,25.56,26.17,26.17,1.36,1.09,18.62,1.62,27446630216.0,23290451960.0,0.04,0.23,10.89,-12.4
4919,300832,新产业,63.56,-2.0,-1.3,34962.0,222214274.59,3.52,64.99,62.71,64.76,64.86,0.66,0.51,27.07,6.15,49940285975.0,43233990353.0,0.19,0.22,-3.26,-17.67
4936,600699,均胜电子,15.43,-2.03,-0.32,212510.0,330077739.0,1.9,15.71,15.41,15.63,15.75,0.82,1.55,17.32,1.67,21736264808.0,21109545748.0,-0.06,0.0,14.3,-12.82
4939,603345,安井食品,83.71,-2.04,-1.74,30334.0,255218234.0,2.06,85.36,83.6,85.25,85.45,0.71,1.03,17.59,1.92,24551660161.0,24551660161.0,0.01,0.01,18.37,-17.49
4940,002130,沃尔核材,17.3,-2.04,-0.36,568558.0,992242615.72,2.83,17.72,17.22,17.5,17.66,0.78,4.55,24.95,4.08,21796245123.0,21610279932.0,-0.06,0.0,30.17,134.42
4946,002223,鱼跃医疗,33.98,-2.05,-0.71,84193.0,286483953.43,2.62,34.72,33.81,34.69,34.69,1.33,0.9,16.68,2.72,34064166047.0,31896130593.0,0.06,0.06,7.77,1.8
4956,300558,贝达药业,52.69,-2.06,-1.11,104772.0,565465762.52,6.45,55.86,52.39,53.67,53.8,0.88,2.51,39.73,3.91,22050021281.0,21981266732.0,0.27,0.29,52.2,2.55
4959,002273,水晶光电,20.4,-2.06,-0.43,373939.0,764865726.82,2.06,20.73,20.3,20.69,20.83,0.72,2.75,24.7,3.21,28368897308.0,27701433972.0,-0.05,0.15,23.41,55.25
4963,300316,晶盛机电,34.08,-2.07,-0.72,114306.0,394892674.33,2.9,35.05,34.04,34.79,34.8,0.73,0.93,11.31,2.62,44628911802.0,41971409157.0,0.0,-0.03,48.95,-21.46
4966,002465,海格通信,12.3,-2.07,-0.26,516438.0,644888156.36,3.66,12.73,12.27,12.53,12.56,0.92,2.12,123.81,2.41,30526557560.0,29910296970.0,0.0,-0.08,44.2,-3.15
4980,000423,东阿阿胶,56.96,-2.1,-1.22,63148.0,360395591.29,2.65,58.15,56.61,58.02,58.18,1.12,0.98,23.88,3.7,36680919895.0,36680919895.0,-0.04,0.02,20.3,22.79
5001,688213,思特威-W,70.34,-2.14,-1.54,49910.0,358325070.0,4.48,73.4,70.18,72.44,71.88,0.82,1.56,77.17,6.96,28115755937.0,22573153925.0,-0.07,0.07,49.44,26.97
5015,000661,长春高新,105.59,-2.17,-2.34,44984.0,480102253.02,3.0,108.45,105.21,107.93,107.93,0.95,1.13,11.42,1.85,42477905529.0,42035903888.0,0.0,0.17,31.4,-25.27
5023,600745,闻泰科技,40.17,-2.19,-0.9,192197.0,779219966.0,2.65,41.2,40.11,41.07,41.07,0.67,1.54,90.42,1.39,49975603250.0,49975603250.0,0.0,-0.07,64.7,-4.79
5050,600563,法拉电子,128.41,-2.25,-2.95,17703.0,229960014.0,3.05,131.88,127.88,131.3,131.36,0.79,0.79,27.97,5.75,28892250000.0,28892250000.0,-0.03,0.0,64.19,41.73
5062,000933,神火股份,15.88,-2.28,-0.37,267971.0,428389515.1,2.52,16.27,15.86,16.25,16.25,0.85,1.19,7.57,1.65,35719687036.0,35621840987.0,0.0,-0.06,3.86,-0.75
5064,300002,神州泰岳,12.01,-2.28,-0.28,741300.0,904327568.81,4.31,12.53,12.0,12.29,12.29,0.64,4.07,16.16,3.45,23570405098.0,21865760379.0,-0.08,0.0,40.8,36.63
5077,300803,指南针,92.61,-2.3,-2.18,195486.0,1838372471.51,3.6,95.91,92.5,94.75,94.79,0.83,4.83,-258.69,20.79,37924220173.0,37481846374.0,-0.01,-0.04,166.73,53.68
5082,300748,金力永磁,19.44,-2.31,-0.46,327692.0,646854031.66,3.97,20.15,19.36,19.66,19.9,0.52,2.89,99.62,3.88,26151401895.0,22041124391.0,0.21,0.21,92.86,-2.21
5094,002261,拓维信息,20.18,-2.32,-0.48,825761.0,1688013960.4,3.53,20.9,20.17,20.74,20.66,0.71,7.32,1726.54,9.77,25352975567.0,22756885060.0,0.0,-0.15,76.55,34.18
5125,002837,英维克,36.7,-2.39,-0.9,195062.0,723359023.77,3.16,37.79,36.6,37.2,37.6,0.6,3.02,58.04,9.79,27298292870.0,23731027473.0,0.14,0.03,77.9,74.93
5139,603816,顾家家居,27.35,-2.43,-0.68,58047.0,160506817.0,2.96,28.08,27.25,28.03,28.03,0.69,0.71,12.41,2.3,22478733045.0,22212746418.0,-0.04,-0.07,13.49,-18.63
5145,002138,顺络电子,30.85,-2.44,-0.77,170095.0,530718903.02,5.34,32.3,30.61,32.16,31.62,1.13,2.25,29.89,4.03,24874921221.0,23338290989.0,0.0,0.26,32.12,15.5
5152,688385,复旦微电,40.6,-2.45,-1.02,97333.0,399390557.0,3.53,41.76,40.29,41.0,41.62,1.08,1.82,58.38,5.83,33253852240.0,21710054240.0,0.05,-0.02,56.76,5.37
5174,600779,水井坊,59.04,-2.49,-1.51,142937.0,855934151.0,3.78,61.14,58.85,60.0,60.55,1.08,2.93,19.22,5.8,28832856938.0,28832856938.0,-0.02,-0.1,81.49,2.04
5178,002595,豪迈科技,43.62,-2.5,-1.12,28200.0,123346122.0,3.24,44.78,43.33,44.78,44.74,1.13,0.35,18.47,3.64,34896000000.0,34667649300.0,0.16,0.14,17.48,51.62
5183,600985,淮北矿业,14.37,-2.51,-0.37,174664.0,253152032.0,2.58,14.73,14.35,14.72,14.74,0.9,0.65,7.01,0.93,38702127648.0,38702127648.0,0.0,0.07,6.44,-8.06
5187,002517,恺英网络,12.75,-2.52,-0.33,538753.0,698522015.3,5.12,13.36,12.69,13.09,13.08,1.1,2.81,16.08,4.53,27444599834.0,24406785956.0,0.0,0.08,48.95,16.23
5225,002709,天赐材料,24.35,-2.64,-0.66,430562.0,1063014017.21,3.84,25.2,24.24,25.13,25.01,0.53,3.11,103.58,3.61,46723386680.0,33725159811.0,0.21,0.25,79.31,-1.74
5232,002430,杭氧股份,23.32,-2.67,-0.64,81518.0,190387421.32,3.38,24.0,23.19,23.99,23.96,0.85,0.85,25.48,2.58,22945858584.0,22487231840.0,0.09,0.17,33.49,-17.92
5235,300136,信维通信,25.11,-2.67,-0.69,309015.0,780954151.94,2.95,25.74,24.98,25.66,25.8,0.88,3.75,34.17,3.38,24295648500.0,20704900622.0,-0.04,0.04,44.81,6.85
5243,002078,太阳纸业,14.41,-2.7,-0.4,158151.0,229217810.15,2.97,14.84,14.4,14.77,14.81,0.59,0.57,12.28,1.45,40269798645.0,40019843779.0,0.0,-0.14,18.6,21.4
5255,002812,恩捷股份,36.94,-2.74,-1.04,128390.0,480176627.28,3.63,38.24,36.86,37.71,37.98,0.58,1.57,60.67,1.4,35879037321.0,30184096224.0,0.0,-0.05,45.38,-33.18
5270,601799,星宇股份,136.36,-2.77,-3.88,9451.0,129704760.0,3.69,140.98,135.8,140.98,140.24,0.7,0.33,29.9,4.01,38955245575.0,38955245575.0,-0.47,-0.07,20.25,5.13
5296,603786,科博达,54.8,-2.84,-1.6,12028.0,66402238.0,3.09,56.41,54.67,56.27,56.4,0.86,0.3,27.37,4.36,22133188440.0,22050867880.0,-0.02,0.0,25.46,-22.56
5298,688183,生益电子,32.52,-2.84,-0.95,53391.0,175534094.0,4.18,33.75,32.35,33.36,33.47,0.55,0.64,108.77,6.68,27050824611.0,27050824611.0,0.28,0.31,68.5,186.02
5324,000426,兴业银锡,12.57,-2.93,-0.38,173681.0,219833816.0,2.86,12.89,12.52,12.86,12.95,1.01,1.04,13.32,3.02,23093506193.0,21049060076.0,-0.08,0.0,8.55,39.36
5335,300058,蓝色光标,10.4,-2.99,-0.32,4518877.0,4765341916.25,10.17,11.19,10.1,10.5,10.72,0.73,18.45,160.04,3.3,26278758834.0,25475797537.0,0.0,0.87,110.1,45.05
5344,002065,东华软件,7.72,-3.02,-0.24,1295832.0,1022130660.19,5.53,8.14,7.7,7.99,7.96,0.62,4.46,37.88,2.1,24746323935.0,22449155130.0,-0.13,0.26,80.37,26.14
5346,600312,平高电气,17.36,-3.02,-0.54,136735.0,239904110.0,3.13,17.92,17.36,17.92,17.9,0.95,1.01,20.62,2.26,23556153924.0,23556153924.0,-0.12,-0.17,-4.41,40.68
5350,002353,杰瑞股份,35.51,-3.03,-1.11,63305.0,226806221.5,3.36,36.58,35.35,36.55,36.62,1.06,0.91,17.06,1.81,36357120630.0,24623889811.0,0.06,-0.06,28.06,29.13
5359,002601,龙佰集团,17.65,-3.08,-0.56,299098.0,531970877.95,3.13,18.17,17.6,18.16,18.21,1.93,1.5,12.32,1.76,42118075968.0,35099774182.0,0.0,-0.06,14.91,6.78
5367,603379,三美股份,33.21,-3.15,-1.08,49277.0,165324033.0,3.7,34.4,33.13,34.31,34.29,0.89,0.81,27.11,3.26,20274008819.0,20274008819.0,0.03,0.18,22.37,-1.66
5375,002850,科达利,104.14,-3.18,-3.42,16945.0,178322235.93,3.72,108.0,104.0,107.61,107.56,0.84,0.88,20.81,2.57,28203241975.0,20102520458.0,-0.06,0.08,47.97,25.53
5380,603596,伯特利,42.85,-3.21,-1.42,110780.0,475681691.0,5.01,44.5,42.28,44.27,44.27,1.48,1.83,25.05,4.19,25990488387.0,25937247262.0,0.07,-0.07,33.32,-13.01
5381,688728,格科微,15.99,-3.21,-0.53,140033.0,226616256.0,5.02,16.67,15.84,16.57,16.52,1.0,0.97,3844.92,5.46,41583380805.0,23167705896.0,0.13,0.5,52.14,-21.85
5382,603728,鸣志电器,48.85,-3.21,-1.62,74984.0,370692149.0,2.89,50.25,48.79,50.03,50.47,0.71,1.79,324.66,7.11,20462410125.0,20462410125.0,0.02,0.08,60.16,-25.77
5384,603899,晨光股份,33.29,-3.23,-1.11,278761.0,955473967.0,6.86,35.37,33.01,34.01,34.4,1.85,3.02,22.58,3.58,30754248102.0,30754248102.0,-0.03,0.15,28.63,-9.41
5388,301269,华大九天,124.01,-3.25,-4.16,107171.0,1356753283.33,5.63,130.71,123.5,126.14,128.17,0.97,4.09,862.54,13.73,67330208650.0,32530482518.0,0.02,-0.05,76.4,17.32
5402,601865,福莱特,24.75,-3.32,-0.85,182933.0,462011030.0,4.73,25.82,24.61,25.26,25.6,0.97,0.96,33.57,2.66,57987258095.0,47026596845.0,0.0,0.12,53.54,-5.97
5407,002202,金风科技,10.96,-3.35,-0.38,722769.0,795176572.55,3.53,11.23,10.83,11.18,11.34,1.05,2.13,19.38,1.26,46306741411.0,37200707962.0,0.0,0.09,32.85,38.73
5420,300377,赢时胜,31.2,-3.41,-1.1,1792381.0,5731844650.11,8.3,33.33,30.65,32.08,32.3,0.97,27.8,-1263.93,7.9,23433542496.0,20114491145.0,0.06,0.65,472.48,304.15
5425,002128,电投能源,20.04,-3.42,-0.71,100077.0,202842514.89,3.66,20.74,19.98,20.7,20.75,0.93,0.45,7.66,1.32,44921132800.0,44921132800.0,-0.1,0.0,16.17,48.01
5435,688037,芯源微,100.3,-3.48,-3.62,61383.0,635383083.0,7.07,107.23,99.88,103.0,103.92,0.99,3.05,140.45,7.97,20156986690.0,20156986690.0,0.0,0.1,73.2,9.01
5450,002064,华峰化学,8.32,-3.59,-0.31,432693.0,363044873.98,3.36,8.6,8.31,8.59,8.63,0.83,0.87,15.37,1.58,41288365223.0,41200561559.0,-0.12,0.0,14.92,26.83
5482,002384,东山精密,25.48,-3.81,-1.01,903002.0,2322772620.77,3.4,26.3,25.4,26.27,26.49,0.91,6.51,30.54,2.31,43466681331.0,35323477502.0,0.0,-0.08,19.12,42.11
5484,300476,胜宏科技,36.8,-3.82,-1.46,298024.0,1107958324.86,4.08,38.2,36.64,38.2,38.26,1.05,3.48,31.14,3.82,31746941989.0,31471680638.0,0.41,0.19,11.99,101.53
5488,000921,海信家电,26.62,-3.83,-1.06,196946.0,528547326.33,4.26,27.68,26.5,27.68,27.68,1.8,2.16,9.91,2.49,36895596981.0,24272949925.0,0.0,0.15,11.43,37.29
5489,002583,海能达,17.53,-3.84,-0.7,2491930.0,4453040627.68,5.38,18.45,17.47,18.25,18.23,0.56,19.43,95.07,5.23,31877680599.0,22483382839.0,0.0,0.06,367.47,194.62
5490,000400,许继电气,25.51,-3.84,-1.02,241813.0,624389499.49,3.43,26.4,25.49,26.39,26.53,1.35,2.4,21.79,2.33,25991483623.0,25722251083.0,-0.08,0.0,-5.55,18.76
5515,002456,欧菲光,13.45,-4.0,-0.56,2726032.0,3730899823.0,4.35,14.05,13.44,14.01,14.01,0.78,8.38,708.95,12.29,44540230351.0,43747566813.0,0.0,-0.07,72.22,54.42
5576,002624,完美世界,12.87,-4.88,-0.66,1395441.0,1864235496.08,8.87,14.0,12.8,14.0,13.53,1.68,7.64,-48.16,3.27,24967393359.0,23518062286.0,0.0,0.0,78.25,13.09
5600,300735,光弘科技,31.38,-5.4,-1.79,478986.0,1531703029.86,5.43,33.17,31.37,33.0,33.17,0.85,6.33,121.41,5.01,24082916421.0,23763462906.0,0.03,-0.1,80.76,34.74
5634,300459,汤姆猫,7.13,-7.16,-0.55,11864094.0,9051793121.78,13.41,8.11,7.08,7.87,7.68,1.25,37.45,225.13,7.52,25067731995.0,22587420628.0,-0.14,-0.42,111.57,44.33
5640,600246,万通发展,10.25,-7.49,-0.83,838525.0,880469933.0,9.3,11.17,10.14,11.09,11.08,1.39,4.22,-131.67,3.69,20370665111.0,20370665111.0,-0.1,0.29,67.21,57.94
5641,002312,川发龙蟒,18.52,-7.49,-1.5,4785868.0,9550110896.61,14.29,21.31,18.45,20.0,20.02,1.4,27.3,61.77,3.73,34990551224.0,32469977298.0,0.05,-1.02,184.92,162.32
5655,002155,湖南黄金,18.13,-9.49,-1.9,1996188.0,3726073804.24,7.04,19.45,18.04,18.8,20.03,4.26,16.61,24.51,3.24,21792975664.0,21790770022.0,0.11,0.28,18.11,64.67
